,ecomAccountID,userId,subscriberKey,subscriberType,sfdcAccountId,userCreateDate,productName,subscriptionStatus,subscriptionStartDate,ratePlanUpdatedDate,dateFirstVisibleCampaign,daysSinceFirstVisibleCampaign,activeCampaignExists,dateMostRecentVisibleCampaign,daysSinceMostRecentVisibleCampaign,billableEventType,dateFirstBillableEvent,daysSinceFirstBillableEvent,dateMostRecentBillableEvent,daysSinceMostRecentBillableEvent,monsterBucksExpdate,monsterBucksFree,monsterBucksFreeRemaining,monsterBucksRemainingPercentage,lastDowngradeRequestDate,lastUpgradeRequestDate,lastAction,previousProductName,nextProductName,nextAction,currentProductEndDate,daysRemainingUntilEndDate,freeJobFirstPostedDate,freeActiveJob,lastFreeMaxApplyReachedDate,lastFreeValidThroughDate,BQETLDate
0,fe822c57-97c5-4a6b-ba95-70eacdd69907,auth0|62874e9dc10ea20068629285,,,0013h00001h8PnhAAE,2022-05-20 08:17:33.706,,,,,,,,,,,,,,,,,,,,,,,,,,,,False,,,2024-12-02 07:30:04
1,707afa2d-bf80-4a54-9854-5ad3f36574b6,auth0|6208dd4ef15184006ab5e40a,,,0013h00001YQMUBAA5,2022-02-13 10:28:30.534,,,,,,,,,,,,,,,,,,,,,,,,,,,,False,,,2024-12-02 07:30:04
2,0cc5f212-0ad8-4bd1-8c12-d1619b5aab53,auth0|61b8339427ef57007303dca7,,,0013h00001PPPPhAAP,2021-12-14 06:03:00.823,,,,,,,,,,,,,,,,,,,,,,,,,,,,False,,,2024-12-02 07:30:04
3,d86c9a29-591b-4397-b527-86a0b2ae9726,auth0|620c334d5f568a00718c319d,,,0013h00001YQcDzAAL,2022-02-15 23:12:13.409,,,,,,,,,,,,,,,,,,,,,,,,,,,,False,,,2024-12-02 07:30:04
4,16062d8e-a3ff-4e62-b003-d88d14ed3f74,auth0|60dc20893cf3a40069217b84,,,0013h000011OfdlAAC,2021-06-30 07:43:05.591,,,,,,,,,,,,,,,,,,,,,,,,,,,,False,,,2024-12-02 07:30:04
5,77f46a3d-0874-402c-baf6-5a51d4cdd960,auth0|60f0443ee382ae00688f9f88,,,0013h000011PQq3AAG,2021-07-15 14:20:46.396,,,,,,,,,,,,,,,,,,,,,,,,,,,,False,,,2024-12-02 07:30:04
6,1cc1432b-7eb5-4616-8768-b21b36fb1ada,auth0|647e02ded71e60819f2ff11d,,,0013h00002Cz2PDAAZ,2023-06-05 15:44:30.781,,,,,,,,,,,,,,,,,,,,,,,,,,,,False,,,2024-12-02 07:30:04
7,c3cad9d3-8f1f-42f3-a7cb-c48b69ad096f,auth0|60ef504e2207840070f7ba58,,,0013h00001CIxFkAAL,2021-07-14 20:59:58.053,,,,,,,,,,,,,,,,,,,,,,,,,,,,False,,,2024-12-02 07:30:04
8,f1b1b45e-a682-45ef-8632-2c1beba416b5,auth0|61e9ec2085aa1f007163507a,,,0013h00001YO3owAAD,2022-01-20 23:11:28.500,,,,,,,,,,,,,,,,,,,,,,,,,,,,False,,,2024-12-02 07:30:04
9,1d984472-60fd-45ed-be41-7a6fa0ad8ecd,auth0|61af3f878132b70069a3eb90,,,0013h00001QPmKIAA1,2021-12-07 11:03:35.168,,,,,,,,,,,,,,,,,,,,,,,,,,,,False,,,2024-12-02 07:30:04
10,dde3182d-2b92-4b0f-9a5b-9d3f22917459,auth0|628ae1f3d3d8080068e6822b,,,0013h00001h8aYBAAY,2022-05-23 01:22:59.581,,,,,,,,,,,,,,,,,,,,,,,,,,,,False,,,2024-12-02 07:30:04
11,91b6ef9c-d61a-4ab1-a489-18fe5d78fc92,auth0|65f795b5026254582001de04,,,0013h00002HVo2YAAT,2024-03-18 01:15:33.569,,,,,,,,,,,,,,,,,,,,,,,,,,,,False,,,2024-12-02 07:30:04
12,f4636790-587b-4eff-b061-85283340e9b1,auth0|61bafe112c31aa0071c6fd01,,,0013h00001PQOrQAAX,2021-12-16 08:51:29.960,,,,,,,,,,,,,,,,,,,,,,,,,,,,False,,,2024-12-02 07:30:04
13,f4b58ce7-60e4-4dd8-8834-211374eedb37,auth0|6155f775ae839c00689d7939,,,0013h00001KRxKkAAL,2021-09-30 17:44:21.435,,,,,,,,,,,,,,,,,,,,,,,,,,,,False,,,2024-12-02 07:30:04
14,a63e798d-2bc9-48f7-b571-c5572937ffb9,auth0|614b25cd1629800068f28960,,,0013h00001CIuMlAAL,2021-09-22 12:47:09.828,,,,,,,,,,,,,,,,,,,,,,,,,,,,False,,,2024-12-02 07:30:04
15,74c67abd-af88-41f1-b214-0d819d64fb6b,auth0|63f5adb91c396c085530a5ea,,,0013h00002AnqzDAAR,2023-02-22 05:52:57.643,,,,,,,,,,,,,,,,,,,,,,,,,,,,False,,,2024-12-02 07:30:04
16,254fca50-da9f-42cc-a68d-f002165fdf3a,auth0|64903bdfdfab9140db3a900e,,,0013h00002EganpAAB,2023-06-19 11:28:31.193,,,,,,,,,,,,,,,,,,,,,,,,,,,,False,,,2024-12-02 07:30:04
17,8e279cb2-39aa-48d4-8105-aaceabe4cd26,auth0|62a2d9f08ab9ab006964ff23,,,0013h00001iKFFyAAO,2022-06-10 05:43:12.085,,,,,,,,,,,,,,,,,,,,,,,,,,,,False,,,2024-12-02 07:30:04
18,c8e42f3c-7c5e-4e2e-b293-ebcef9ab77e0,auth0|61fbb7df8d417f0073998e42,,,0013h00001YPMqCAAX,2022-02-03 11:09:19.668,,,,,,,,,,,,,,,,,,,,,,,,,,,,False,,,2024-12-02 07:30:04
19,31ba8d80-c3c9-4f2a-9b19-30ac9c4bdecd,auth0|6239d264a9c1af0070f8d046,,,0013h00001eZefYAAS,2022-03-22 13:43:00.249,,,,,,,,,,,,,,,,,,,,,,,,,,,,False,,,2024-12-02 07:30:04
20,7aae840d-8907-477d-842f-7213d8502ac5,auth0|61b72c16249625006fdf5952,,,0013h00001YjW9YAAV,2021-12-13 11:18:46.303,,,,,,,,,,,,,,,,,,,,,,,,,,,,False,,,2024-12-02 07:30:04
21,8ad63a22-1d8d-44ac-b4fb-2c601866f2f8,auth0|6469ed2de86e4b9472c65041,,,0013h00002D3LqiAAF,2023-05-21 10:06:37.883,,,,,,,,,,,,,,,,,,,,,,,,,,,,False,,,2024-12-02 07:30:04
22,d079e4b2-2eae-434d-a9f6-726354d60d7e,auth0|60fa28603953db0069ddb712,,,0013h000011PnrtAAC,2021-07-23 02:24:32.026,,,,,,,,,,,,,,,,,,,,,,,,,,,,False,,,2024-12-02 07:30:04
23,3f25ffbc-f410-4adf-bdd9-4c3dcfd8707e,auth0|61b7128200c5330069833cc8,,,0013h000011OZIjAAO,2021-12-13 09:29:38.511,,,,,,,,,,,,,,,,,,,,,,,,,,,,False,,,2024-12-02 07:30:04
24,6f3ffb7c-3ccc-4aa6-a4c9-1c9f8c220172,auth0|644a5a450b4a347128fe045e,,,0013h00002CzWLNAA3,2023-04-27 11:19:33.862,,,,,,,,,,,,,,,,,,,,,,,,,,,,False,,,2024-12-02 07:30:04
25,1d6bd50b-30e5-4be3-86fb-917d138b220e,auth0|6241bd2605087f006f854d7f,,,0013h00001eac9wAAA,2022-03-28 13:50:30.042,,,,,,,,,,,,,,,,,,,,,,,,,,,,False,,,2024-12-02 07:30:04
26,483e198a-a8be-4365-bf1b-5007e49bc257,auth0|6247021cc394940069053521,,,0013h00001CIxFkAAL,2022-04-01 13:46:04.495,,,,,,,,,,,,,,,,,,,,,,,,,,,,False,,,2024-12-02 07:30:04
27,6f8e1d03-dc1f-4c5b-9abe-87547eaca653,auth0|65f78db9c878413bf6df0d12,,,0013h00002HVo2RAAT,2024-03-18 00:41:29.564,,,,,,,,,,,,,,,,,,,,,,,,,,,,False,,,2024-12-02 07:30:04
28,0d5f4b19-e058-4f46-99ea-6ebeae83d8b4,auth0|60c86538431b340069746ea1,,,0013h000011NYopAAG,2021-06-15 08:30:48.063,,,,,,,,,,,,,,,,,,,,,,,,,,,,False,,,2024-12-02 07:30:04
29,e6828948-fb3c-4b0b-8136-35f5a378f3ee,auth0|6226a18ce3af8800698c85fb,,,0013h00001eYS3UAAW,2022-03-08 00:21:32.674,,,,,,,,,,,,,,,,,,,,,,,,,,,,False,,,2024-12-02 07:30:04
30,c36a6399-ff32-40f2-82dd-23e88407a9f8,auth0|62718d8a2030420075dd1d3e,,,0013h00001h77pTAAQ,2022-05-03 20:16:10.726,,,,,,,,,,,,,,,,,,,,,,,,,,,,False,,,2024-12-02 07:30:04
31,af9cffb9-f68e-4caf-a5e7-97bda0661bba,auth0|65f78fe734d7513d67c86236,,,0013h00002HVo2SAAT,2024-03-18 00:50:47.274,,,,,,,,,,,,,,,,,,,,,,,,,,,,False,,,2024-12-02 07:30:04
32,06ed0030-964b-4d70-9038-1ad4e5a0c70e,auth0|5f451a9e9b450d006dc31b1c,,,0013h00001CIxFkAAL,2020-08-25 14:05:18.968,,,,,,,,,,,,,,,,,,,,,,,,,,,,False,,,2024-12-02 07:30:04
33,8c74b495-3555-44f3-b631-c7829ecd5915,auth0|6242344f3f11600069cc81e5,,,0013h00001eafDhAAI,2022-03-28 22:18:55.249,,,,,,,,,,,,,,,,,,,,,,,,,,,,False,,,2024-12-02 07:30:04
34,9531d78e-1ebe-48e7-9ab3-50b1d1d26d6d,auth0|62025a8ec296ad0069c363e1,,,0013h00001YPpAUAA1,2022-02-08 11:57:02.689,,,,,,,,,,,,,,,,,,,,,,,,,,,,False,,,2024-12-02 07:30:04
35,fb7c9ac9-7b37-4802-941b-3f750849e299,auth0|64512231cc8a58cf18432019,,,0013h00002D2hW4AAJ,2023-05-02 14:46:09.811,,,,,,,,,,,,,,,,,,,,,,,,,,,,False,,,2024-12-02 07:30:04
36,fc1b0c62-0d6c-456d-ab5b-b9920b73b513,auth0|60dda24911ef0b0070561e81,,,0013h000011OjDbAAK,2021-07-01 11:08:57.185,,,,,,,,,,,,,,,,,,,,,,,,,,,,False,,,2024-12-02 07:30:04
37,3b585b5c-c80b-482d-a307-44d93b62267e,auth0|61d47a9d2377f000705cd706,,,0013h000011OZIjAAO,2022-01-04 16:49:33.442,,,,,,,,,,,,,,,,,,,,,,,,,,,,False,,,2024-12-02 07:30:04
38,d34b5cf5-eee7-4dea-9d99-054ad3241ea4,auth0|674d253099799c8a463490cc,,,001VY00000FIBdtYAH,2024-12-02 03:10:40.092,,,,,,,,,,,,,,,,,,,,,,,,,,,,False,,,2024-12-02 07:30:04
39,ca46ea74-1b0c-4216-ac62-ee601482b676,auth0|61e92aa820ddaf0069554fe4,,,0013h00001YNzHOAA1,2022-01-20 09:26:00.194,,,,,,,,,,,,,,,,,,,,,,,,,,,,False,,,2024-12-02 07:30:04
40,fa96aab6-5d1d-4ca4-8b69-1e769fa7b4c6,auth0|5fc7fedebc7797006b905a38,,,0013h00001CIxFkAAL,2020-12-02 20:53:50.418,,,,,,,,,,,,,,,,,,,,,,,,,,,,False,,,2024-12-02 07:30:04
41,3d3f80e8-de38-4039-bb26-2e29e0dc6046,auth0|60d3183431b67d0069be0132,,,0013h000011OJ8pAAG,2021-06-23 11:17:08.849,,,,,,,,,,,,,,,,,,,,,,,,,,,,False,,,2024-12-02 07:30:04
42,a599851d-39cf-4808-b3cb-1592034ea40e,auth0|61237447da80120069b3d066,,,0013h00001CHKzDAAX,2021-08-23 10:11:19.271,,,,,,,,,,,,,,,,,,,,,,,,,,,,False,,,2024-12-02 07:30:04
43,3908de26-05f2-4d16-9798-d0b010378f3e,auth0|61f29889c4bc56007087baac,,,0013h00001YOgy7AAD,2022-01-27 13:05:13.577,,,,,,,,,,,,,,,,,,,,,,,,,,,,False,,,2024-12-02 07:30:04
44,445ebef9-9aaa-4488-9eef-71c7cd174dfd,auth0|6530f2bcd56028a94b41b17c,,,0013h00000CQniIAAT,2023-10-19 09:11:24.698,,,,,,,,,,,,,,,,,,,,,,,,,,,,False,,,2024-12-02 07:30:04
45,cece7c93-1a2e-4566-8aaa-817cb5ca01b9,auth0|60ec024566f773007103bb85,,,0013h00001CIxFkAAL,2021-07-12 08:50:13.121,,,,,,,,,,,,,,,,,,,,,,,,,,,,False,,,2024-12-02 07:30:04
46,1d84f9ee-7a3d-4c9a-b946-a18db34198c7,auth0|61d6a8738e5aaf00686bb8a7,,,0013h00001PRXQbAAP,2022-01-06 08:29:39.908,,,,,,,,,,,,,,,,,,,,,,,,,,,,False,,,2024-12-02 07:30:04
47,6a974eea-7afe-4796-83e1-e3dfadcb981d,auth0|674d03083a3d84e071000af7,,,001VY00000FHzrFYAT,2024-12-02 00:44:56.761,,,,,,,,,,,,,,,,,,,,,,,,,,,,False,,,2024-12-02 07:30:04
48,efcd96e6-4b5f-4b36-9a72-2f91d8f8431a,auth0|674d46d25777c7fc7059bb2d,,,001VY00000FI7s4YAD,2024-12-02 05:34:10.966,,,,,,,,,,,,,,,,,,,,,,,,,,,,False,,,2024-12-02 07:30:04
49,6221fa1b-2090-41e8-a2e5-08a33ef41e0e,auth0|6227e5e3bb6ab50068bc94ed,,,0013h00001eYaKVAA0,2022-03-08 23:25:23.467,,,,,,,,,,,,,,,,,,,,,,,,,,,,False,,,2024-12-02 07:30:04
50,373a5364-4446-4e3b-b28c-025813c96e4a,auth0|61a4c341c1831600692cf99b,,,0013h00001NyafqAAB,2021-11-29 12:10:41.261,,,,,,,,,,,,,,,,,,,,,,,,,,,,False,,,2024-12-02 07:30:04
51,8b30292a-db05-4afb-8f7b-820bc2bd3e9c,auth0|648b4b0917147fa86ff72c02,,,0013h00002EPBNzAAP,2023-06-15 17:31:53.195,,,,,,,,,,,,,,,,,,,,,,,,,,,,False,,,2024-12-02 07:30:04
52,e493cd22-89dd-4f54-8b01-7ef21dd35cf7,auth0|628adddfae8dc0006f652aef,,,0013h00001h8aYAAAY,2022-05-23 01:05:35.599,,,,,,,,,,,,,,,,,,,,,,,,,,,,False,,,2024-12-02 07:30:04
53,18cfacfd-2882-416b-9856-58ce477f92d5,auth0|60e3094309f9aa006f742cb4,,,0013h000011OqszAAC,2021-07-05 13:29:39.530,,,,,,,,,,,,,,,,,,,,,,,,,,,,False,,,2024-12-02 07:30:04
54,b9e7d8c6-25d1-4a03-a0ee-bcdc9a2ec735,auth0|60f1a9e41465950069e3a621,,,0013h000011PVHYAA4,2021-07-16 15:46:44.945,,,,,,,,,,,,,,,,,,,,,,,,,,,,False,,,2024-12-02 07:30:04
55,8c60488c-d899-4344-8406-a616e731a13b,auth0|60008d2e6fe2490069aba3b8,,,0013h000011OFCwAAO,2021-01-14 18:27:58.748,,,,,,,,,,,,,,,,,,,,,,,,,,,,False,,,2024-12-02 07:30:04
56,dae53a9c-4ddb-4c8f-8f59-1808d2add288,auth0|61e54fbfed26eb006be679f0,,,0013h00001YjQwWAAV,2022-01-17 11:15:11.286,,,,,,,,,,,,,,,,,,,,,,,,,,,,False,,,2024-12-02 07:30:04
57,0bbe6382-3197-4a4c-9801-31b5b7df3afb,auth0|620bf2385f568a00718bd11d,,,0013h00001YQbLqAAL,2022-02-15 18:34:32.926,,,,,,,,,,,,,,,,,,,,,,,,,,,,False,,,2024-12-02 07:30:04
58,1ac80380-af7c-44c4-9dae-f24b3101d4be,auth0|62410e3f2411e300686660f1,,,0013h00001eaaU7AAI,2022-03-28 01:24:15.403,,,,,,,,,,,,,,,,,,,,,,,,,,,,False,,,2024-12-02 07:30:04
59,3e3fc055-4dfe-4acf-b27a-c129dc379176,auth0|628c852fae8dc0006f677ea8,,,0013h00001h8omJAAQ,2022-05-24 07:11:43.523,,,,,,,,,,,,,,,,,,,,,,,,,,,,False,,,2024-12-02 07:30:04
60,1779869f-5798-408a-94d1-5aeff532a9cd,auth0|61aee4225e3f03006ab7a074,,,0013h00001QPkfbAAD,2021-12-07 04:33:38.970,,,,,,,,,,,,,,,,,,,,,,,,,,,,False,,,2024-12-02 07:30:04
61,45560c55-f982-43da-8e10-f16f9f1f787a,auth0|622ec05ca2248400693f04f1,,,0013h00001eZ6dNAAS,2022-03-14 04:11:08.933,,,,,,,,,,,,,,,,,,,,,,,,,,,,False,,,2024-12-02 07:30:04
62,95466254-1674-4979-aadf-a804af1c467e,auth0|60dc2cbdbba68d006aaf058a,,,0013h000011OfkxAAC,2021-06-30 08:35:09.131,,,,,,,,,,,,,,,,,,,,,,,,,,,,False,,,2024-12-02 07:30:04
63,3c3ac027-e0f4-423b-a131-381bd95d7c2f,auth0|62a9b12afda291f17c0de866,,,0013h00001kWzCMAA0,2022-06-15 10:15:06.126,,,,,,,,,,,,,,,,,,,,,,,,,,,,False,,,2024-12-02 07:30:04
64,3919fd9a-1656-4ae3-93c8-6e63b6049575,auth0|61b6f8ce00c533006982acb9,,,0013h000011OZIjAAO,2021-12-13 07:39:58.223,,,,,,,,,,,,,,,,,,,,,,,,,,,,False,,,2024-12-02 07:30:04
65,deb4c368-2e3d-4587-8474-4675fc927f6f,auth0|60f4c05755a022006a8c2b54,,,0013h00001CIxFkAAL,2021-07-18 23:59:19.674,,,,,,,,,,,,,,,,,,,,,,,,,,,,False,,,2024-12-02 07:30:04
66,cc54c0a9-0a69-4ab6-b043-d0911e12ee0e,auth0|5f3ba9281e5f17003704be2a,,,0013h000011MdzaAAC,2020-08-18 10:10:48.641,,,,,2024-11-22 13:11:28.680,10.0,,2024-11-22 13:11:28.680,10.0,,,,,,,,,,,,,,,,,,,False,,,2024-12-02 07:30:04
67,5bfde2d7-de8a-45de-ac02-d617f27b0f88,auth0|60d5b5f527b1060069324a2a,,,0013h000011OROaAAO,2021-06-25 10:54:45.139,,,,,,,,,,,,,,,,,,,,,,,,,,,,False,,,2024-12-02 07:30:04
68,dff06418-841c-43b9-bbb5-f6c52cd6debe,auth0|61a7c6554e04f00071668c8c,,,0013h00001CIxFkAAL,2021-12-01 19:00:37.482,,,,,,,,,,,,,,,,,,,,,,,,,,,,False,,,2024-12-02 07:30:04
69,9844a227-87eb-492e-894d-7eec1ff1a12c,auth0|6481880e0e25ab02122af190,,,0013h00002Ds77wAAB,2023-06-08 07:49:34.713,,,,,,,,,,,,,,,,,,,,,,,,,,,,False,,,2024-12-02 07:30:04
70,c92e39d3-268c-41dc-bfd9-cd39362c9dbb,auth0|623a2ffa935c1400682440f0,,,0013h00001CIxFkAAL,2022-03-22 20:22:18.968,,,,,,,,,,,,,,,,,,,,,,,,,,,,False,,,2024-12-02 07:30:04
71,a7d8415f-f9cc-4933-9664-0df3c7c2adb8,auth0|623f17b360bf08006be6f43d,,,0013h00001CIxFkAAL,2022-03-26 13:40:03.976,,,,,,,,,,,,,,,,,,,,,,,,,,,,False,,,2024-12-02 07:30:04
72,4ed234cc-0f3d-4df9-a701-6280a595df5e,auth0|63ff168902484ab7bb6b2bac,,,0013h00002BDFVDAA5,2023-03-01 09:10:33.308,,,,,,,,,,,,,,,,,,,,,,,,,,,,False,,,2024-12-02 07:30:04
73,cbdb4680-355c-4dcb-88ba-a410ac11d449,auth0|61e586b4c35866006acc3aea,,,0013h00001YjRl9AAF,2022-01-17 15:09:40.306,,,,,,,,,,,,,,,,,,,,,,,,,,,,False,,,2024-12-02 07:30:04
74,4255e4a4-d279-47ec-918e-b2e9a3975060,auth0|6530f2bcd56028a94b41b17c,,,0013h00000CQniIAAT,2023-10-19 09:11:24.698,,,,,,,,,,,,,,,,,,,,,,,,,,,,False,,,2024-12-02 07:30:04
75,bfedae3a-2dbe-4b7c-b4d7-3ba6087f7f8f,auth0|674d0bf699799c8a463479f1,,,001VY00000FHurfYAD,2024-12-02 01:23:02.191,,,,,,,,,,,,,,,,,,,,,,,,,,,,False,,,2024-12-02 07:30:04
76,831a5dd0-4dd1-4185-ae63-ec1a26fac14f,auth0|648a1b5956258a2899710c08,,,0013h00001CIxFkAAL,2023-06-14 19:56:09.567,,,,,,,,,,,,,,,,,,,,,,,,,,,,False,,,2024-12-02 07:30:04
77,d775417c-d83d-4e54-8638-3b0749aab106,auth0|674d49ceac439d9937b34bca,,,001VY00000FI7s3YAD,2024-12-02 05:46:54.853,,,,,,,,,,,,,,,,,,,,,,,,,,,,False,,,2024-12-02 07:30:04
78,bbce3bd4-a063-40e9-97f5-a79a9a22e97d,auth0|622ec2a46cb5ad0068bbb8dd,,,0013h00001eZ6dMAAS,2022-03-14 04:20:52.035,,,,,,,,,,,,,,,,,,,,,,,,,,,,False,,,2024-12-02 07:30:04
79,e1304d64-f665-4897-85fc-b01757033e97,auth0|641b0abd9601a3816da8ae7d,,,0013h00002D1fq3AAB,2023-03-22 14:03:41.920,,,,,,,,,,,,,,,,,,,,,,,,,,,,False,,,2024-12-02 07:30:04
80,e427d701-92f8-4792-b3fe-66229640843f,auth0|660b70fc61f877123a0e1e59,,,0013h00002HWE8TAAX,2024-04-02 02:44:12.966,,,,,,,,,,,,,,,,,,,,,,,,,,,,False,,,2024-12-02 07:30:04
81,e4bd5ddf-abb4-4c4a-85de-94ce13d1d32b,auth0|60c86dfe24d158006a72bab4,,,0013h000011NYpNAAW,2021-06-15 09:08:14.338,,,,,,,,,,,,,,,,,,,,,,,,,,,,False,,,2024-12-02 07:30:04
82,39437817-224a-426c-85c5-c415d2073e11,auth0|60ef4cfe55a022006a7b11f0,,,0013h00001CIxFkAAL,2021-07-14 20:45:50.690,,,,,,,,,,,,,,,,,,,,,,,,,,,,False,,,2024-12-02 07:30:04
83,a895aca1-6b76-4504-a49b-5204227d676f,auth0|654ae83da296c7e847424b77,,,0013h00002HSFJdAAP,2023-11-08 01:45:33.324,,,,,,,,,,,,,,,,,,,,,,,,,,,,False,,,2024-12-02 07:30:04
84,9b5d1747-9521-4bc3-8b6f-5ffc68373e4a,auth0|627abea7e4ebe0006fde4f93,,,0013h00001h7dgjAAA,2022-05-10 19:36:07.550,,,,,,,,,,,,,,,,,,,,,,,,,,,,False,,,2024-12-02 07:30:04
85,cd8ce8a1-edd0-4572-9ef2-0e72f30e8942,auth0|61aa4960c49b5e0069755506,,,0013h00001CIxFkAAL,2021-12-03 16:44:16.580,,,,,,,,,,,,,,,,,,,,,,,,,,,,False,,,2024-12-02 07:30:04
86,b7bdec78-5409-4c2c-9609-d8b4d8dade07,auth0|6214d6c59e3d86006a090012,,,0013h00001bYYOsAAO,2022-02-22 12:27:49.200,,,,,,,,,,,,,,,,,,,,,,,,,,,,False,,,2024-12-02 07:30:04
87,6e6d730a-d895-493e-9a54-aebc95fdcae1,auth0|612dcef8fa76080076bfad34,,,0013h00001CHvA0AAL,2021-08-31 06:40:56.486,,,,,,,,,,,,,,,,,,,,,,,,,,,,False,,,2024-12-02 07:30:04
88,0516898e-3489-4aea-ac39-484bb7ba3536,auth0|61facf718d417f007398c0f5,,,0013h00001CIxFkAAL,2022-02-02 18:37:37.409,,,,,,,,,,,,,,,,,,,,,,,,,,,,False,,,2024-12-02 07:30:04
89,13c78613-cfe1-49a5-94dc-2149c2015715,auth0|6246445ed200800070d113db,,,0013h00001flE7AAAU,2022-04-01 00:16:30.292,,,,,,,,,,,,,,,,,,,,,,,,,,,,False,,,2024-12-02 07:30:04
90,2f500b3b-8a01-4a6b-abcf-d752544a7667,auth0|64382bdf49c3b925f3beb607,,,0013h00002EP9ryAAD,2023-04-13 16:20:47.808,,,,,,,,,,,,,,,,,,,,,,,,,,,,False,,,2024-12-02 07:30:04
91,5ccd9966-8d68-427c-bd80-3f9653cfa906,auth0|61686542396c2d0069a47141,,,0013h00001KRcY0AAL,2021-10-14 17:13:38.020,,,,,,,,,,,,,,,,,,,,,,,,,,,,False,,,2024-12-02 07:30:04
92,176ea2b4-422b-4f57-b663-1819216cf611,auth0|61e1a71ae0d5ef006a4a7b00,,,0013h00001CIxFkAAL,2022-01-14 16:38:50.727,,,,,,,,,,,,,,,,,,,,,,,,,,,,False,,,2024-12-02 07:30:04
93,4921c9b3-1f54-4e59-9b47-7d030b2c4325,auth0|60d842f99751820070bb83b4,,,0013h000011OXMlAAO,2021-06-27 09:20:57.896,,,,,,,,,,,,,,,,,,,,,,,,,,,,False,,,2024-12-02 07:30:04
94,a127425b-7241-4632-9754-d1871204a2ee,auth0|649d1508b6c0b7d720055572,,,0013h00002Ehy8qAAB,2023-06-29 05:22:16.071,,,,,,,,,,,,,,,,,,,,,,,,,,,,False,,,2024-12-02 07:30:04
95,9042cc55-7fd9-4339-80ce-7e7a7ed46741,auth0|5f4663921c61620067996270,,,0013h00001MmDm9AAF,2020-08-26 13:28:50.592,,,,,,,,,,,,,,,,,,,,,,,,,,,,False,,,2024-12-02 07:30:04
96,07d10bc2-e976-4e9f-89d7-042716d88e1a,auth0|647348385be865ff403fe180,,,0013h00002CxiHLAAZ,2023-05-28 12:25:28.210,,,,,,,,,,,,,,,,,,,,,,,,,,,,False,,,2024-12-02 07:30:04
97,54c4f1bf-9f61-4ffa-92d4-2ddcbb270ab5,auth0|60f034340348e50069d70880,,,0013h000011PQLeAAO,2021-07-15 13:12:20.642,,,,,,,,,,,,,,,,,,,,,,,,,,,,False,,,2024-12-02 07:30:04
98,15096d72-7caf-44e3-86d9-75cc5e4a6373,auth0|60c86b63f0a6c100717ad1a2,,,0013h000011NYorAAG,2021-06-15 08:57:07.906,,,,,,,,,,,,,,,,,,,,,,,,,,,,False,,,2024-12-02 07:30:04
99,bec682f1-f15b-4939-820f-4a00dc8305d9,auth0|61e550025f189f0069e731c6,,,0013h00001YjQwXAAV,2022-01-17 11:16:18.942,,,,,,,,,,,,,,,,,,,,,,,,,,,,False,,,2024-12-02 07:30:04
100,1dd956e8-f117-43e9-b285-c2171052e99a,auth0|64b0881c3794a27422df7554,,,0013h00002Ejtz2AAB,2023-07-13 23:26:20.705,,,,,,,,,,,,,,,,,,,,,,,,,,,,False,,,2024-12-02 07:30:04
101,761cb61f-3223-402f-8a0c-913baa96a1ad,auth0|5f3c75ef03459400399dfb3e,,,0013h000011PLhkAAG,2020-08-19 00:44:31.829,,,,,,,,,,,,,,,,,,,,,,,,,,,,False,,,2024-12-02 07:30:04
102,a8a89f9e-679f-4729-ad7b-a4ab981658da,auth0|60d4575672b60d00685bad67,,,0013h000011OIhwAAG,2021-06-24 09:58:46.052,,,,,,,,,,,,,,,,,,,,,,,,,,,,False,,,2024-12-02 07:30:04
103,fd22c00e-f644-4d1f-a074-b142bac5c944,auth0|60edbf33e94fe800700f84ba,,,0013h00001CIxFkAAL,2021-07-13 16:28:35.707,,,,,,,,,,,,,,,,,,,,,,,,,,,,False,,,2024-12-02 07:30:04
104,b35e4bc5-6556-4da4-9093-9fba81042592,auth0|61f0b9ee253372007038e812,,,0013h00001CIxFkAAL,2022-01-26 03:03:10.410,,,,,,,,,,,,,,,,,,,,,,,,,,,,False,,,2024-12-02 07:30:04
105,71b94461-1e52-40f0-b082-6256f451eec6,auth0|647e3bd0d71e60819f30372a,,,0013h00002Cz40EAAR,2023-06-05 19:47:28.752,,,,,,,,,,,,,,,,,,,,,,,,,,,,False,,,2024-12-02 07:30:04
106,12836039-239e-42d7-8d06-65b53417399a,auth0|60d317a322d283006a41a1e6,,,0013h000011ORMQAA4,2021-06-23 11:14:43.643,,,,,,,,,,,,,,,,,,,,,,,,,,,,False,,,2024-12-02 07:30:04
107,1b0c3473-2dd2-4ed4-974a-9829f3e04daf,auth0|62a12e5d27f4a5006aceceb8,,,0013h00001iKDDlAAO,2022-06-08 23:18:53.822,,,,,,,,,,,,,,,,,,,,,,,,,,,,False,,,2024-12-02 07:30:04
108,5943c852-db30-44fb-848c-bd1c0713b4bf,auth0|646bd23d2ff6ea7a9aa62b50,,,0013h00002DSfFFAA1,2023-05-22 20:36:13.899,,,,,,,,,,,,,,,,,,,,,,,,,,,,False,,,2024-12-02 07:30:04
109,9cee1929-b881-4670-b30f-6bc82ed86427,auth0|60d99a109751820070be44a3,,,0013h000011OZIjAAO,2021-06-28 09:44:48.171,,,,,,,,,,,,,,,,,,,,,,,,,,,,False,,,2024-12-02 07:30:04
110,83f851c9-09e7-49f3-ac74-6cc5592c1c63,auth0|6237e6aba64d9900687b7688,,,0013h00001eZZPsAAO,2022-03-21 02:44:59.326,,,,,,,,,,,,,,,,,,,,,,,,,,,,False,,,2024-12-02 07:30:04
111,6bdf6360-d0bd-48c4-a7a8-6410760e76fd,auth0|60cb3e4e59e354006a8ba58a,,,0013h000011Nt0MAAS,2021-06-17 12:21:34.802,,,,,,,,,,,,,,,,,,,,,,,,,,,,False,,,2024-12-02 07:30:04
112,86e18707-e6aa-4a38-ba0f-00519aaa97fc,auth0|6129464603043900677a413b,,,0013h00001CIxFkAAL,2021-08-27 20:08:38.144,,,,,,,,,,,,,,,,,,,,,,,,,,,,False,,,2024-12-02 07:30:04
113,1f530c6e-67f8-4840-bd90-f6b20f17a41c,auth0|6218f24058b745006974b007,,,0013h00001eXSVBAA4,2022-02-25 15:14:08.917,,,,,,,,,,,,,,,,,,,,,,,,,,,,False,,,2024-12-02 07:30:04
114,b41bb70f-cde0-4612-95f5-f2b6ed299aa1,auth0|644699d2d1b87a833a2bd8f0,,,0013h00002CEmO0AAL,2023-04-24 15:01:38.121,,,,,,,,,,,,,,,,,,,,,,,,,,,,False,,,2024-12-02 07:30:04
115,2ba34f27-ebf3-4842-a3a9-94ba00003e0e,auth0|6135f27740f09c0071785d9e,,,0013h00001CI93fAAD,2021-09-06 10:50:31.217,,,,,,,,,,,,,,,,,,,,,,,,,,,,False,,,2024-12-02 07:30:04
116,2f1b6ec0-a03c-4fb6-b6d7-2cd7beb4aa7a,auth0|61af3b605e3f03006ab98860,,,0013h00001QPm6HAAT,2021-12-07 10:45:52.839,,,,,,,,,,,,,,,,,,,,,,,,,,,,False,,,2024-12-02 07:30:04
117,51edece3-d95e-4518-b53b-332baaa2b3ba,auth0|646dc22d1ecf334b5af8615b,,,0013h00002CxQ3xAAF,2023-05-24 07:52:13.634,,,,,,,,,,,,,,,,,,,,,,,,,,,,False,,,2024-12-02 07:30:04
118,03d544c7-bd83-4d44-8c0a-822e77af07f6,auth0|60d9b2bfa39a1e0069f6ced5,,,0013h000011OZLnAAO,2021-06-28 11:30:07.846,,,,,,,,,,,,,,,,,,,,,,,,,,,,False,,,2024-12-02 07:30:04
119,a12f192e-3f66-4534-b74e-5220e6cbf414,auth0|62386941e2417000691b9d7b,,,0013h00001eaLvfAAE,2022-03-21 12:02:09.756,,,,,,,,,,,,,,,,,,,,,,,,,,,,False,,,2024-12-02 07:30:04
120,b906edfa-e50d-4d78-908b-2ef4317822f1,auth0|6234a6848964b7007043f156,,,0013h00001CIxFkAAL,2022-03-18 15:34:28.799,,,,,,,,,,,,,,,,,,,,,,,,,,,,False,,,2024-12-02 07:30:04
121,4921c9b3-1f54-4e59-9b47-7d030b2c4325,auth0|6502ad5171aa8fef7a01b12b,,,0013h000011OXMlAAO,2023-09-14 06:50:57.666,,,,,,,,,,,,,,,,,,,,,,,,,,,,False,,,2024-12-02 07:30:04
122,b7c57924-a002-45b8-816b-1e5145f0cfc4,auth0|63feed2ea521cff503f9bf02,,,0013h00002BD8lIAAT,2023-03-01 06:14:06.750,,,,,,,,,,,,,,,,,,,,,,,,,,,,False,,,2024-12-02 07:30:04
123,0f5dede7-0628-4786-b833-44a5f35e6097,auth0|620c14d16e55f700699666c8,,,0013h00001YQbsMAAT,2022-02-15 21:02:09.992,,,,,,,,,,,,,,,,,,,,,,,,,,,,False,,,2024-12-02 07:30:04
124,de2c0f32-774d-4562-841b-dccb6023a613,auth0|61c08a48fdd15e006936011e,,,0013h00001PQ4o5AAD,2021-12-20 13:51:04.429,,,,,,,,,,,,,,,,,,,,,,,,,,,,False,,,2024-12-02 07:30:04
125,2e7789cc-8144-4a8e-bca7-8d0567a92108,auth0|621cd8b9666eea006afd6060,,,0013h00001eXhvOAAS,2022-02-28 14:14:17.823,,,,,,,,,,,,,,,,,,,,,,,,,,,,False,,,2024-12-02 07:30:04
126,c0ff6795-b084-41f0-9085-e47a11e1a243,auth0|623ddd3dd450680069e79312,,,0013h00001eaMdYAAU,2022-03-25 15:18:21.629,,,,,,,,,,,,,,,,,,,,,,,,,,,,False,,,2024-12-02 07:30:04
127,cd1e5cbc-32f7-48ac-98b0-92c8008421c8,auth0|612ede6880a04e00687649ca,,,0013h00001CHv5eAAD,2021-09-01 01:59:04.847,,,,,,,,,,,,,,,,,,,,,,,,,,,,False,,,2024-12-02 07:30:04
128,499f2048-178b-4288-9b99-5cc1772b89a1,auth0|6192679ac49b5e0069f93ff5,,,0013h00001CIxFkAAL,2021-11-15 13:58:50.959,,,,,,,,,,,,,,,,,,,,,,,,,,,,False,,,2024-12-02 07:30:04
129,3ae24685-5722-453d-b3e5-5d8e3a532db0,auth0|649ea0f9863175ca6fd1e20c,,,0013h00002Ei6GSAAZ,2023-06-30 09:31:37.887,,,,,,,,,,,,,,,,,,,,,,,,,,,,False,,,2024-12-02 07:30:04
130,0b703988-1190-42e3-b212-5169dd7dec46,auth0|61d471cd8e5aaf0068698de0,,,0013h00001PRO10AAH,2022-01-04 16:11:57.953,,,,,,,,,,,,,,,,,,,,,,,,,,,,False,,,2024-12-02 07:30:04
131,a1d3e1b1-4ebe-46f7-846d-943189869ded,auth0|66e291eefe27938654fd9df6,,,001VY00000C0UX5YAN,2024-09-12 07:02:06.314,PRO,Active,2024-09-12,2024-09-12 07:00:39,,,,,,,,,,,2025-09-11,3588.0,3588.0,100.0,,,New,,,None,2025-09-12 04:00:00,284.0,,False,,,2024-12-02 07:30:04
132,eddcb088-d8b4-4542-a8df-b663c959e9b0,auth0|61a5c1a6c183160069335791,,,0013h00001NynaOAAR,2021-11-30 06:16:06.160,STANDARD,Active,2021-11-30,2024-11-30 08:00:33,,,,,,,,,,,,,,,,,New,,,None,,,,False,,,2024-12-02 07:30:04
133,a3d77ce8-4830-4c14-b7eb-68550ae3ddb1,auth0|6448d361894ff878bd955de7,,,0013h00002CzJUPAA3,2023-04-26 07:31:45.690,STANDARD,Active,2023-04-26,2024-11-26 08:00:18,,,,,,,,,,,,,,,,,New,,,None,,,,False,,,2024-12-02 07:30:04
134,a28c7b32-116d-4e27-a157-5bfe6360f194,auth0|66ebc59f8241f1417c98eea6,,,001VY00000CITkdYAH,2024-09-19 06:33:03.067,STANDARD,Active,2024-09-19,2024-11-19 08:00:33,,,,,,,,,,,,,,,,,New,,,None,,,,False,,,2024-12-02 07:30:04
135,5b4cacf5-4df8-492d-8ad1-15f782277140,auth0|61a70c90c49b5e0069614d2e,,,0013h00001Nz37JAAR,2021-12-01 05:48:00.514,STANDARD,Active,2021-12-03,2024-11-03 09:00:12,,,,,,,,,,,,,,,,,New,,,None,,,,False,,,2024-12-02 07:30:04
136,d753a50f-9105-4b41-886b-ff085f943c70,auth0|644f1aecb16eb7907afe01b3,,,0013h00002CzooiAAB,2023-05-01 01:50:36.239,STANDARD,Active,2023-04-30,2024-11-30 08:00:54,2024-06-04 02:13:25.702,181.0,,2024-07-30 10:06:05.587,125.0,,,,,,,,,,,,New,,,None,,,,False,,,2024-12-02 07:30:04
137,5cdd405d-48d0-4de1-a708-f0a9a804a635,auth0|61aabfd4c18316006952b991,,,0013h00001QPSU4AAP,2021-12-04 01:09:40.637,STANDARD,Active,2021-12-05,2024-11-05 08:00:26,,,,,,,,,,,,,,,,,New,,,None,,,,False,,,2024-12-02 07:30:04
138,8aa37b8e-2027-42dd-9bea-1f9df5e9c109,auth0|61acb77030de7e00692498bf,,,0013h00001QPShlAAH,2021-12-05 12:58:24.453,STANDARD,Active,2021-12-06,2024-11-06 08:00:24,,,,,,,,,,,,,,,,,New,,,None,,,,False,,,2024-12-02 07:30:04
139,5d2ddb71-8ccf-4fcb-ae59-f56c6a3a2c1e,auth0|61ad98674e04f000718bd32d,,,0013h00001QPdBkAAL,2021-12-06 04:58:15.599,STANDARD,Active,2021-12-06,2024-11-06 08:00:30,,,,,,,,,,,,,,,,,New,,,None,,,,False,,,2024-12-02 07:30:04
140,43a89ccf-3e3e-4d1b-b498-4c0b662dc296,auth0|61af2c665e3f03006ab936c5,,,0013h00001QPlsIAAT,2021-12-07 09:41:58.767,STANDARD,Active,2021-12-07,2024-11-07 08:00:26,,,,,,,,,,,,,,,,,New,,,None,,,,False,,,2024-12-02 07:30:04
141,55b8f6fc-477a-43e8-b2eb-af8bcbe2538f,auth0|61acbc356f721900681c4177,,,0013h00001QPShmAAH,2021-12-05 13:18:45.622,STANDARD,Active,2021-12-08,2024-11-08 08:00:21,,,,,,,,,,,,,,,,,New,,,None,,,,False,,,2024-12-02 07:30:04
142,82c8afdb-6615-4eab-b6e6-68c11d126f00,auth0|61acc182c0d2840070d88ef1,,,0013h00001QPShnAAH,2021-12-05 13:41:23.003,STANDARD,Active,2021-12-08,2024-11-08 08:00:16,,,,,,,,,,,,,,,,,New,,,None,,,,False,,,2024-12-02 07:30:04
143,0b413305-2b86-403c-b9f6-e001f7e6b282,auth0|669116a32cbf7913b7b20566,,,001KY000004pikQYAQ,2024-07-12 11:42:27.108,STANDARD,Active,2024-09-27,2024-11-27 08:00:18,2024-09-27 13:53:11.922,66.0,,2024-09-27 13:56:08.048,66.0,,,,,,,,,,,,New,,,None,,,,False,,,2024-12-02 07:30:04
144,46c6f591-5f7a-4ad7-a31d-4445a0ab636e,auth0|66fa656deb10d75dd7bdb14e,,,001VY00000ChyAAYAZ,2024-09-30 08:46:37.310,STANDARD,Active,2024-09-30,2024-11-30 08:00:24,2024-09-30 08:54:42.977,63.0,,2024-09-30 08:54:42.977,63.0,,,,,,,,,,,,New,,,None,,,,False,,,2024-12-02 07:30:04
145,25eb2a7b-9683-4c86-be6c-68571a3e22e2,auth0|61b7c2a05758e7006ad32b79,,,0013h00001PPMfnAAH,2021-12-13 22:01:04.537,STANDARD,Active,2021-12-13,2024-11-13 08:00:20,,,,,,,,,,,,,,,,,New,,,None,,,,False,,,2024-12-02 07:30:04
146,9fdf5059-794f-4273-bef7-142bbb7a1fe4,auth0|61b720ba274c0a0071f58974,,,0013h00001PPI4wAAH,2021-12-13 10:30:18.296,STANDARD,Active,2021-12-13,2024-11-13 08:00:19,,,,,,,,,,,,,,,,,New,,,None,,,,False,,,2024-12-02 07:30:04
147,4a59d3f6-cc68-461f-a358-723bc58db76e,auth0|61b709ff00c533006982fd2b,,,0013h00001PPHuFAAX,2021-12-13 08:53:19.819,STANDARD,Active,2021-12-13,2024-11-13 08:00:19,,,,,,,,,,,,,,,,,New,,,None,,,,False,,,2024-12-02 07:30:04
148,edf3f5e1-5246-4734-83cf-0091e6cf13be,auth0|61b71561274c0a0071f55f86,,,0013h00001PPHuHAAX,2021-12-13 09:41:53.349,STANDARD,Active,2021-12-13,2024-11-13 08:00:23,,,,,,,,,,,,,,,,,New,,,None,,,,False,,,2024-12-02 07:30:04
149,200e966a-6fe8-4c06-a17f-53cc769d27b2,auth0|61b71bf5ea556e006f72366c,,,0013h00001PPI4xAAH,2021-12-13 10:09:57.454,STANDARD,Active,2021-12-13,2024-11-13 08:00:20,,,,,,,,,,,,,,,,,New,,,None,,,,False,,,2024-12-02 07:30:04
150,ea0ee099-33f2-4a9e-b61b-f6b6430bc7da,auth0|61b700c700c533006982d321,,,0013h00001PPHjNAAX,2021-12-13 08:13:59.426,STANDARD,Active,2021-12-13,2024-11-13 08:00:18,,,,,,,,,,,,,,,,,New,,,None,,,,False,,,2024-12-02 07:30:04
151,7dc2182a-6194-4ed4-baf1-b179528255df,auth0|63f42d354610ab7f45c671d6,,,0013h00002An73qAAB,2023-02-21 02:32:21.177,PRO,Active,2024-10-03,2024-10-03 08:04:28,,,,,,,,,,,2025-10-02,3588.0,3588.0,100.0,,,New,,,None,2025-10-03 04:00:00,305.0,,False,,,2024-12-02 07:30:04
152,cb9976e6-c522-4599-a767-c3a12dce8c61,auth0|61f00ac620ddaf00695b8539,,,0013h00001YORzOAAX,2022-01-25 14:35:50.279,PRO,Active,2024-10-03,2024-10-03 09:08:52,,,,,,,,,,,2025-10-02,3588.0,3588.0,100.0,,,New,,,None,2025-10-03 04:00:00,305.0,,False,,,2024-12-02 07:30:04
153,57b45f5e-03c8-4571-be30-dc1aece48a21,auth0|6707f85b064407620e76c443,,,001VY00000DAs9JYAT,2024-10-10 15:52:59.236,STANDARD,Active,2024-10-10,2024-11-10 08:00:29,,,,,,,,,,,,,,,,,New,,,None,,,,False,,,2024-12-02 07:30:04
154,1d1fbd1d-f5f9-4712-80aa-9f3407bd7d28,auth0|6710afc2788042675029e6c1,,,001VY00000CSmD5YAL,2024-10-17 06:33:38.084,PRO,Active,2024-10-17,2024-10-17 06:33:28,,,,,,,,,,,2025-10-16,5988.0,5988.0,100.0,,,New,,,None,2025-10-17 04:00:00,319.0,,False,,,2024-12-02 07:30:04
155,3982c708-120f-48ed-b014-e35eb78f6f74,auth0|65c2e8293e7a09693c1d6627,,,0013h00002HUpGcAAL,2024-02-07 02:17:13.775,PRO,Active,2024-02-06,2024-11-06 08:00:18,,,,,,,,,,,2024-12-05,749.0,749.0,100.0,,,New,,,None,,,,False,,,2024-12-02 07:30:04
156,3982c708-120f-48ed-b014-e35eb78f6f74,auth0|65c41e802bdc240206350bc9,,,0013h00002HUpGcAAL,2024-02-08 00:21:20.410,PRO,Active,2024-02-06,2024-11-06 08:00:18,,,,,,,,,,,2024-12-05,749.0,749.0,100.0,,,New,,,None,,,,False,,,2024-12-02 07:30:04
157,27ede21a-7f87-461f-aaf3-95a55ec5a4be,auth0|65c315d224d07c301cafd596,,,0013h00002HUpHvAAL,2024-02-07 05:32:02.415,PRO,Active,2024-02-07,2024-11-07 08:00:26,,,,,,CandidateSearchEvent,2024-02-07 09:55:00.106,299.0,2024-11-25 08:44:00.160,7.0,2024-12-06,299.0,299.0,100.0,,,New,,,None,,,,False,,,2024-12-02 07:30:04
158,7df6417b-02b7-4fdc-b216-ce55fe4d6089,auth0|65c3554725f371ac7637093a,,,0013h00002HUpSVAA1,2024-02-07 10:02:47.485,PRO,Active,2024-02-07,2024-11-07 08:00:20,,,,,,,,,,,2024-12-06,299.0,299.0,100.0,,,New,,,None,,,,False,,,2024-12-02 07:30:04
159,b4f19af1-36f5-4c2f-b971-4221bf234e8a,auth0|6719a7b10f167bfbb4a5d883,,,001VY00000DnMPjYAN,2024-10-24 01:49:37.139,FREE,Active,2024-10-23,2024-11-23 08:00:22,,,,,,,,,,,,,,,,,New,,,None,,,2024-10-24 02:11:40.977,False,,2024-11-23 02:11:40.977,2024-12-02 07:30:04
160,95517e0c-6267-4a93-b916-38c2a88358da,auth0|6719eee0736b7d2a153ce179,,,001VY00000Do7ZzYAJ,2024-10-24 06:53:20.776,FREE,Active,2024-10-24,2024-11-24 08:00:31,,,,,,,,,,,,,,,,,New,,,None,,,2024-10-24 07:08:54.957,False,2024-10-25 08:06:32.793,2024-11-23 07:08:54.957,2024-12-02 07:30:04
161,c8a54aaa-a1ca-4685-a90d-0a42b6314333,auth0|6719cdfa2d613474570e312d,,,001VY00000DndqMYAR,2024-10-24 04:32:58.036,FREE,Active,2024-10-24,2024-11-24 08:00:27,,,,,,,,,,,,,,,,,New,,,None,,,2024-10-24 05:47:56.561,False,2024-10-25 00:04:23.123,2024-11-23 05:47:56.561,2024-12-02 07:30:04
162,1ed9b5a2-a4e0-451c-9922-3de89a1f6ec6,auth0|6721b08fec351ab4e081ab9a,,,001VY00000E1seGYAR,2024-10-30 04:05:35.929,FREE,Active,2024-10-30,2024-11-30 08:00:51,,,,,,,,,,,,,,,,,New,,,None,,,2024-10-30 04:17:37.086,False,,2024-11-29 04:17:37.086,2024-12-02 07:30:04
163,e0170d04-a059-434f-9d1b-dd967fd9ddb8,auth0|6721dfefac71294fbcfdff5f,,,001VY00000E2WwdYAF,2024-10-30 07:27:44.009,FREE,Active,2024-10-30,2024-11-30 08:00:39,,,,,,,,,,,,,,,,,New,,,None,,,2024-10-30 07:33:47.555,False,2024-10-30 07:39:03.885,2024-11-29 07:33:47.555,2024-12-02 07:30:04
164,828af6c7-d336-4431-9154-292de0f1fc72,auth0|6721e3c82912a2bcf322c2ef,,,001VY00000E2UzfYAF,2024-10-30 07:44:08.202,FREE,Active,2024-10-30,2024-11-30 08:00:44,,,,,,,,,,,,,,,,,New,,,None,,,2024-10-30 07:49:41.919,False,,2024-11-29 07:49:41.919,2024-12-02 07:30:04
165,a0834a51-d39a-4068-b494-ac451b771920,auth0|649e3423a0dff4dceeca9917,,,0013h00002HV6N0AAL,2023-06-30 01:47:15.439,PRO,Active,2024-02-19,2024-11-19 08:00:28,,,,,,CandidateSearchEvent,2024-04-30 07:55:00.026,216.0,2024-08-12 02:02:00.123,112.0,2024-12-18,299.0,299.0,100.0,,,New,,,None,,,,False,,,2024-12-02 07:30:04
166,a0834a51-d39a-4068-b494-ac451b771920,auth0|649922c0dbe4efe33af52456,,,0013h00002HV6N0AAL,2023-06-26 05:31:44.592,PRO,Active,2024-02-19,2024-11-19 08:00:28,,,,,,CandidateSearchEvent,2024-07-15 08:25:00.145,140.0,2024-08-20 09:54:00.155,104.0,2024-12-18,299.0,299.0,100.0,,,New,,,None,,,,False,,,2024-12-02 07:30:04
167,a0834a51-d39a-4068-b494-ac451b771920,auth0|65d2f4936e0256f2d5e1de96,,,0013h00002HV6N0AAL,2024-02-19 06:26:27.706,PRO,Active,2024-02-19,2024-11-19 08:00:28,,,,,,CandidateSearchEvent,2024-02-19 07:59:00.122,287.0,2024-11-20 02:07:00.078,12.0,2024-12-18,299.0,299.0,100.0,,,New,,,None,,,,False,,,2024-12-02 07:30:04
168,cefa0d6d-dfdb-487c-a54f-83efeefcf9a2,auth0|673a862787a7bed4032e02cf,,,001VY00000ElOgMYAV,2024-11-18 00:11:19.665,FREE,Active,2024-11-17,2024-11-18 00:25:22,,,,,,,,,,,,,,,,,New,,,None,2024-12-17 05:00:00,15.0,2024-11-18 00:43:04.816,False,,2024-12-18 00:43:04.816,2024-12-02 07:30:04
169,bd4abdb6-870c-463e-a8e5-24eda860e3cf,auth0|673b007ea94093ed9d17dc82,,,001VY00000ElWkMYAV,2024-11-18 08:53:18.988,FREE,Active,2024-11-18,2024-11-18 09:02:00,,,,,,,,,,,,,,,,,New,,,None,2024-12-18 05:00:00,16.0,2024-11-18 09:07:08.887,True,,2024-12-18 09:07:08.887,2024-12-02 07:30:04
170,fd30b704-d6b2-4ec1-b208-7e988cd991ee,auth0|673b10371b5b849befa72c13,,,001VY00000EmCy8YAF,2024-11-18 10:00:23.189,FREE,Active,2024-11-18,2024-11-18 10:06:10,,,,,,,,,,,,,,,,,New,,,None,2024-12-18 05:00:00,16.0,2024-11-18 10:14:32.235,False,,2024-12-18 10:14:32.235,2024-12-02 07:30:04
171,c112cc31-7910-402e-b779-edb78a298e7b,auth0|649922c0dbe4efe33af52456,,,0013h00002EhTaPAAV,2023-06-26 05:31:44.592,PRO,Active,2023-06-26,2024-11-26 08:00:20,,,,,,CandidateSearchEvent,2023-06-27 08:17:01.643,524.0,2024-11-27 02:55:00.092,5.0,2024-12-25,299.0,299.0,100.0,,,New,,,None,,,,False,,,2024-12-02 07:30:04
172,c112cc31-7910-402e-b779-edb78a298e7b,auth0|649e3423a0dff4dceeca9917,,,0013h00002EhTaPAAV,2023-06-30 01:47:15.439,PRO,Active,2023-06-26,2024-11-26 08:00:20,,,,,,CandidateSearchEvent,2024-09-09 03:25:00.149,84.0,2024-09-09 03:25:00.149,84.0,2024-12-25,299.0,299.0,100.0,,,New,,,None,,,,False,,,2024-12-02 07:30:04
173,c112cc31-7910-402e-b779-edb78a298e7b,auth0|650126528257bbec51ed96e4,,,0013h00002EhTaPAAV,2023-09-13 03:02:42.653,PRO,Active,2023-06-26,2024-11-26 08:00:20,,,,,,,,,,,2024-12-25,299.0,299.0,100.0,,,New,,,None,,,,False,,,2024-12-02 07:30:04
174,06ecf108-9d62-4363-89a2-c19be157f708,auth0|673ef25c0de9acbf2dfbc5ce,,,001VY00000Eunu1YAB,2024-11-21 08:42:04.546,PRO,Active,2024-11-21,2024-11-21 08:41:58,,,,,,,,,,,2025-11-20,3588.0,3588.0,100.0,,,New,,,None,2025-11-21 05:00:00,354.0,,False,,,2024-12-02 07:30:04
175,4a9047dd-b9fe-49d9-b5ce-af142016e8ec,auth0|649d8469d0c52aae0040f6d2,,,0013h00002EhyDGAAZ,2023-06-29 13:17:29.668,PRO,Active,2023-06-29,2024-11-29 08:00:21,,,,,,,,,,,2024-12-28,379.0,379.0,100.0,,,New,,,None,,,,False,,,2024-12-02 07:30:04
176,cd5f052d-6cfe-4bfe-ba40-930f6b07d2e3,auth0|649d5c54b6c0b7d720057e1b,,,0013h00002EhyGmAAJ,2023-06-29 10:26:28.604,PRO,Active,2023-06-29,2024-11-29 08:00:20,2024-11-11 07:26:47.452,21.0,,2024-11-11 07:26:47.452,21.0,CandidateSearchEvent,2023-06-29 15:06:00.165,522.0,2023-06-29 15:08:00.266,522.0,2024-12-28,179.0,179.0,100.0,,,New,,,None,,,,False,,,2024-12-02 07:30:04
177,4a9047dd-b9fe-49d9-b5ce-af142016e8ec,auth0|649d4b0f29b33b6a33d7a7a6,,,0013h00002EhyDGAAZ,2023-06-29 09:12:47.929,PRO,Active,2023-06-29,2024-11-29 08:00:21,,,,,,CandidateSearchEvent,2023-06-29 14:28:00.382,522.0,2023-06-29 14:49:00.286,522.0,2024-12-28,379.0,379.0,100.0,,,New,,,None,,,,False,,,2024-12-02 07:30:04
178,19fb121b-c895-403a-98f5-cce04860e0f7,auth0|649e3423a0dff4dceeca9917,,,0013h00002Ei126AAB,2023-06-30 01:47:15.439,PRO,Active,2023-07-03,2024-11-03 09:00:11,,,,,,CandidateSearchEvent,2023-07-06 08:33:00.153,515.0,2024-11-27 03:59:00.220,5.0,,,,,,,New,,,None,,,,False,,,2024-12-02 07:30:04
179,19fb121b-c895-403a-98f5-cce04860e0f7,auth0|649922c0dbe4efe33af52456,,,0013h00002Ei126AAB,2023-06-26 05:31:44.592,PRO,Active,2023-07-03,2024-11-03 09:00:11,,,,,,CandidateSearchEvent,2024-08-20 09:46:00.161,104.0,2024-08-20 09:46:00.161,104.0,,,,,,,New,,,None,,,,False,,,2024-12-02 07:30:04
180,19fb121b-c895-403a-98f5-cce04860e0f7,auth0|64b9fc602ae20c51edd1a7d1,,,0013h00002Ei126AAB,2023-07-21 03:32:48.464,PRO,Active,2023-07-03,2024-11-03 09:00:11,,,,,,,,,,,,,,,,,New,,,None,,,,False,,,2024-12-02 07:30:04
181,e70adfe7-573c-4204-8b80-7b5f91bb4665,auth0|65f7a05ec0912636c1e0f0bb,,,0013h00002HVo2lAAD,2024-03-18 02:01:02.492,STANDARD,Active,2024-03-17,2024-11-17 08:00:26,,,,,,,,,,,,,,,,,New,,,None,,,,False,,,2024-12-02 07:30:04
182,860806d5-6ba3-412d-9f4b-2e26de44e1ca,auth0|620314587807db0069300db1,,,0013h00001YPt6tAAD,2022-02-09 01:09:44.382,STANDARD,Active,2022-02-11,2024-11-11 08:00:35,,,,,,,,,,,,,,,,,New,,,None,,,,False,,,2024-12-02 07:30:04
183,adaa45e0-779d-46de-814b-7344c467ed3d,auth0|674d2c59ac439d9937b33279,,,001VY00000FIBdyYAH,2024-12-02 03:41:13.595,FREE,Active,2024-12-01,2024-12-02 03:43:35,,,,,,,,,,,,,,,,,New,,,None,2025-01-01 05:00:00,30.0,2024-12-02 03:47:22.318,True,,2025-01-01 03:47:22.318,2024-12-02 07:30:04
184,66d6191a-2e3d-4ba7-ae3c-9b37d1d9190d,auth0|674cf8135e2629fd911ff404,,,001VY00000FHzrGYAT,2024-12-01 23:58:11.102,FREE,Active,2024-12-01,2024-12-02 00:01:11,,,,,,,,,,,,,,,,,New,,,None,2025-01-01 05:00:00,30.0,2024-12-02 00:08:02.914,True,,2025-01-01 00:08:02.914,2024-12-02 07:30:04
185,b282fd82-67e8-4fdb-9eac-2c2f0634af35,auth0|674d28515777c7fc7059a013,,,001VY00000FIBduYAH,2024-12-02 03:24:01.385,FREE,Active,2024-12-01,2024-12-02 03:25:56,,,,,,,,,,,,,,,,,New,,,None,2025-01-01 05:00:00,30.0,2024-12-02 03:32:06.542,True,,2025-01-01 03:32:06.542,2024-12-02 07:30:04
186,0539cc30-4fcd-4c5b-850a-f6c625943960,auth0|674d1a616bbb0737453b2069,,,001VY00000FI07RYAT,2024-12-02 02:24:33.977,FREE,Active,2024-12-01,2024-12-02 02:27:17,,,,,,,,,,,,,,,,,New,,,None,2025-01-01 05:00:00,30.0,2024-12-02 02:35:14.141,True,,2025-01-01 02:35:14.141,2024-12-02 07:30:04
187,54543785-1c6d-4ff5-9df1-3295f04a70b7,auth0|674d23618720addcbd08e99a,,,001VY00000FIBdxYAH,2024-12-02 03:02:57.944,FREE,Active,2024-12-01,2024-12-02 03:07:21,,,,,,,,,,,,,,,,,New,,,None,2025-01-01 05:00:00,30.0,,False,,,2024-12-02 07:30:04
188,dffb46e0-bdba-4e76-9d29-3c0c6318f88d,auth0|674d228d99799c8a46348dd7,,,001VY00000FIBdvYAH,2024-12-02 02:59:25.887,FREE,Active,2024-12-01,2024-12-02 03:06:37,,,,,,,,,,,,,,,,,New,,,None,2025-01-01 05:00:00,30.0,2024-12-02 03:36:40.687,True,,2025-01-01 03:36:40.687,2024-12-02 07:30:04
189,09611169-7336-49a0-9026-6ec8b0a48703,auth0|674d25228720addcbd08eb5b,,,001VY00000FIBdwYAH,2024-12-02 03:10:26.353,FREE,Active,2024-12-01,2024-12-02 03:28:32,,,,,,,,,,,,,,,,,New,,,None,2025-01-01 05:00:00,30.0,,False,,,2024-12-02 07:30:04
190,26a63a37-d1ae-4962-bd21-71bd8e11851f,auth0|674d4b0ccdc14af9a494aead,,,001VY00000FI7s2YAD,2024-12-02 05:52:12.431,FREE,Active,2024-12-02,2024-12-02 05:57:37,,,,,,,,,,,,,,,,,New,,,None,2025-01-02 05:00:00,31.0,2024-12-02 06:01:02.825,True,,2025-01-01 06:01:02.825,2024-12-02 07:30:04
191,d5bad5cc-dff9-49a5-8d29-5c1a0111cdc5,auth0|6208cdcc165482006912f3f6,,,0013h00001YQMJyAAP,2022-02-13 09:22:20.649,STANDARD,Active,2022-02-13,2024-11-13 08:00:25,,,,,,,,,,,,,,,,,New,,,None,,,,False,,,2024-12-02 07:30:04
192,cb418d11-dc1d-482f-8936-ebd67f836c00,auth0|64acb95abe21ddeb5fe632b2,,,0013h00002EjPZ6AAN,2023-07-11 02:07:22.112,PRO,Active,2023-07-11,2024-11-11 08:00:22,,,,,,,,,,,2024-12-10,299.0,299.0,100.0,,,New,,,None,,,,False,,,2024-12-02 07:30:04
193,d074751c-db8f-4c80-aeea-5ad2e069e7b2,auth0|5f4094d82bddfc00398cbb15,,,0013h000011MdqYAAS,2020-08-22 03:45:28.423,STANDARD,Active,2021-06-11,2024-11-11 08:00:17,,,,,,,,,,,,,,,,,New,,STANDARD,None,,,,False,,,2024-12-02 07:30:04
194,df159224-766a-4240-93ef-fb66233efeb4,auth0|62155d967ea8380070e9241b,,,0013h00001bYbf0AAC,2022-02-22 22:03:02.991,STANDARD,Active,2022-02-22,2024-11-22 08:00:18,,,,,,,,,,,,,,,,,New,,,None,,,,False,,,2024-12-02 07:30:04
195,2fccf743-46b7-4a45-ba29-6f146ad78352,auth0|6214bbd1303aa900698fbe6f,,,0013h00001bYYNeAAO,2022-02-22 10:32:49.293,STANDARD,Active,2022-02-22,2024-11-22 08:00:29,,,,,,,,,,,,,,,,,New,,,None,,,,False,,,2024-12-02 07:30:04
196,6eaadc76-f676-430a-b245-1d778788c602,auth0|6214c80d7ea8380070e8484f,,,0013h00001bYYOHAA4,2022-02-22 11:25:01.793,STANDARD,Active,2022-02-22,2024-11-22 08:00:18,,,,,,,,,,,,,,,,,New,,,None,,,,False,,,2024-12-02 07:30:04
197,459078e9-4dc9-479c-880f-6efa005b2dc0,auth0|6214da0df2202d006954e029,,,0013h00001bYYQdAAO,2022-02-22 12:41:49.949,STANDARD,Active,2022-02-22,2024-11-22 08:00:28,,,,,,,,,,,,,,,,,New,,,None,,,,False,,,2024-12-02 07:30:04
198,51cdd903-3b1a-494d-8dd1-de89c0b96427,auth0|64b8a5452ae20c51edd06cc4,,,0013h00002FI8PVAA1,2023-07-20 03:08:53.423,PRO,Active,2023-07-19,2024-11-19 08:00:30,,,,,,CandidateSearchEvent,2023-07-20 03:47:00.200,501.0,2024-04-01 03:44:00.005,245.0,2024-12-18,299.0,299.0,100.0,,,New,,,None,,,,False,,,2024-12-02 07:30:04
199,51cdd903-3b1a-494d-8dd1-de89c0b96427,auth0|64b8b60a2ae20c51edd078c9,,,0013h00002FI8PVAA1,2023-07-20 04:20:26.128,PRO,Active,2023-07-19,2024-11-19 08:00:30,,,,,,,,,,,2024-12-18,299.0,299.0,100.0,,,New,,,None,,,,False,,,2024-12-02 07:30:04
200,85d26255-f38a-475f-b483-e694c97afebe,auth0|64b8c64db765f7e81e92cec4,,,0013h00002FICZpAAP,2023-07-20 05:29:49.491,PRO,Active,2023-07-20,2024-11-20 08:00:28,2024-06-04 03:43:25.249,181.0,,2024-06-04 22:43:42.342,181.0,CandidateSearchEvent,2023-07-20 06:05:00.124,501.0,2023-07-20 06:05:00.124,501.0,2024-12-19,379.0,379.0,100.0,,,New,,,None,,,,False,,,2024-12-02 07:30:04
201,e0754fd1-c5e2-430a-a9b7-752a3276df3d,auth0|64b8ea39d8010abce730f64d,,,0013h00002FICaEAAX,2023-07-20 08:03:05.081,PRO,Active,2023-07-20,2024-11-20 08:00:25,,,,,,,,,,,2024-12-19,379.0,379.0,100.0,,,New,,,None,,,,False,,,2024-12-02 07:30:04
202,e0754fd1-c5e2-430a-a9b7-752a3276df3d,auth0|64b8ce7ba25b2a5fd8bcedb5,,,0013h00002FICaEAAX,2023-07-20 06:04:43.799,PRO,Active,2023-07-20,2024-11-20 08:00:25,,,,,,CandidateSearchEvent,2023-07-20 06:16:00.145,501.0,2023-07-20 06:16:00.145,501.0,2024-12-19,379.0,379.0,100.0,,,New,,,None,,,,False,,,2024-12-02 07:30:04
203,548e35fa-a10a-4ddd-9edd-ce85c3549dfe,auth0|64b8c9dc869b7a098d4f5e54,,,0013h00002FICZqAAP,2023-07-20 05:45:00.212,PRO,Active,2023-07-20,2024-11-20 08:00:25,,,,,,CandidateSearchEvent,2023-07-20 06:49:00.114,501.0,2024-05-28 05:27:00.065,188.0,2024-12-19,179.0,179.0,100.0,,,New,,,None,,,,False,,,2024-12-02 07:30:04
204,a32632a5-650a-4e5c-a4b1-47be3122af70,auth0|621852e13b81cf007050048e,,,0013h00001bYn6KAAS,2022-02-25 03:54:09.748,STANDARD,Active,2022-02-24,2024-11-24 08:00:20,,,,,,,,,,,,,,,,,New,,,None,,,,False,,,2024-12-02 07:30:04
205,46314a3b-89e8-49df-9c45-5aac0240e830,auth0|6218156158b745006973e32b,,,0013h00001bYlrXAAS,2022-02-24 23:31:45.554,STANDARD,Active,2022-02-24,2024-11-24 08:00:22,,,,,,,,,,,,,,,,,New,,,None,,,,False,,,2024-12-02 07:30:04
206,7354746c-4eab-49fa-988f-b78764c65740,auth0|6218794e442b4300717def7a,,,0013h00001bYnO4AAK,2022-02-25 06:38:06.194,STANDARD,Active,2022-02-25,2024-11-25 08:00:18,,,,,,,,,,,,,,,,,New,,,None,,,,False,,,2024-12-02 07:30:04
207,f320d311-4694-42c7-a0eb-10ba98f78916,auth0|64abacb251f5adac9c709aeb,,,0013h00002EjMdvAAF,2023-07-10 07:01:06.930,PRO,Active,2023-07-25,2024-11-25 08:00:16,,,,,,,,,,,2024-12-24,299.0,299.0,100.0,,,New,,,None,,,,False,,,2024-12-02 07:30:04
208,457637f8-19eb-454e-a538-589b384e4b65,auth0|62201f948c04a70068bd831a,,,0013h00001eXyr0AAC,2022-03-03 01:53:24.709,STANDARD,Active,2022-03-02,2024-11-02 07:00:24,,,,,,,,,,,,,,,,,New,,,None,,,,False,,,2024-12-02 07:30:04
209,7d24b762-2cb9-45e4-acef-0807374dd1b4,auth0|62200c127c2fb5007166e67f,,,0013h00001eXycuAAC,2022-03-03 00:30:10.575,STANDARD,Active,2022-03-02,2024-11-02 07:00:19,,,,,,,,,,,,,,,,,New,,,None,,,,False,,,2024-12-02 07:30:04
210,9529df17-b818-4fab-b08e-4cbec655a72e,auth0|62203684235cbd006842cddb,,,0013h00001eXz4hAAC,2022-03-03 03:31:16.882,STANDARD,Active,2022-03-02,2024-11-02 07:00:14,,,,,,,,,,,,,,,,,New,,,None,,,,False,,,2024-12-02 07:30:04
211,adb2e171-cdaf-424a-9bc1-80cd5c228d91,auth0|62203fb430c4e40068a8d3b2,,,0013h00001eXzBbAAK,2022-03-03 04:10:28.404,STANDARD,Active,2022-03-03,2024-11-03 09:00:16,,,,,,,,,,,,,,,,,New,,,None,,,,False,,,2024-12-02 07:30:04
212,1656b695-014d-49de-9ce9-1368aed88c30,auth0|62205a44235cbd006842ec8a,,,0013h00001eXzSSAA0,2022-03-03 06:03:48.694,STANDARD,Active,2022-03-03,2024-11-03 09:00:16,,,,,,,,,,,,,,,,,New,,,None,,,,False,,,2024-12-02 07:30:04
213,d6903446-aff1-4af3-949b-c6f986cddaa5,auth0|6220a1d0cbe3e0007078480d,,,0013h00001eY04kAAC,2022-03-03 11:09:04.283,STANDARD,Active,2022-03-03,2024-11-03 09:00:12,,,,,,,,,,,,,,,,,New,,,None,,,,False,,,2024-12-02 07:30:04
214,676c607d-e1cd-4579-b703-800fff33e878,auth0|66db50e05eddfedf10fbecd3,,,0013h00002FUmjxAAD,2024-09-06 18:58:40.189,PRO,Active,2023-07-28,2024-11-28 08:00:30,,,,,,,,,,,2024-12-27,299.0,299.0,100.0,,,New,,,None,,,,False,,,2024-12-02 07:30:04
215,676c607d-e1cd-4579-b703-800fff33e878,auth0|5f88552871af490075a254dc,,,0013h00002FUmjxAAD,2020-10-15 13:56:56.762,PRO,Active,2023-07-28,2024-11-28 08:00:30,,,,,,CandidateSearchEvent,2024-08-29 15:11:00.275,95.0,2024-11-15 14:24:00.076,17.0,2024-12-27,299.0,299.0,100.0,,,New,,,None,,,,False,,,2024-12-02 07:30:04
216,676c607d-e1cd-4579-b703-800fff33e878,auth0|665725892bd45349af8af5e5,,,0013h00002FUmjxAAD,2024-05-29 12:54:33.389,PRO,Active,2023-07-28,2024-11-28 08:00:30,,,,,,,,,,,2024-12-27,299.0,299.0,100.0,,,New,,,None,,,,False,,,2024-12-02 07:30:04
217,676c607d-e1cd-4579-b703-800fff33e878,auth0|64c37bfc594b175698a9b7a7,,,0013h00002FUmjxAAD,2023-07-28 08:27:40.143,PRO,Active,2023-07-28,2024-11-28 08:00:30,2024-08-07 08:20:11.738,117.0,,2024-10-01 12:16:31.128,62.0,CandidateSearchEvent,2023-11-22 07:04:00.165,376.0,2024-10-16 14:03:00.151,47.0,2024-12-27,299.0,299.0,100.0,,,New,,,None,,,,False,,,2024-12-02 07:30:04
218,e0f9b764-2b7c-45e8-9a91-81c81fdf8c4c,auth0|60d05d1859e354006a973e78,,,0013h000011O4plAAC,2021-06-21 09:34:16.411,STANDARD,Active,2021-06-21,2024-11-21 08:00:20,,,,,,,,,,,,,,,,,New,,,None,,,,False,,,2024-12-02 07:30:04
219,556171d2-5b3c-4b36-bfd1-a74394bc59bb,auth0|60d1d40658a13500684ee692,,,0013h000011O9mSAAS,2021-06-22 12:13:58.865,STANDARD,Active,2021-06-22,2024-11-22 08:00:35,,,,,,,,,,,,,,,,,New,,,None,,,,False,,,2024-12-02 07:30:04
220,edf9b4cf-3c70-4159-b45e-14a7d31e5fc3,auth0|60d2cc6e31b67d0069bd7f65,,,0013h000011OEX8AAO,2021-06-23 05:53:50.856,STANDARD,Active,2021-06-23,2024-11-23 08:00:28,,,,,,,,,,,,,,,,,New,,,None,,,,False,,,2024-12-02 07:30:04
221,e9ae761b-65fa-4bb4-aff7-8b797b8ed951,auth0|60d2b79bbe03e80070de2c0e,,,0013h000011OEVgAAO,2021-06-23 04:24:59.486,STANDARD,Active,2021-06-23,2024-11-23 08:00:32,,,,,,,,,,,,,,,,,New,,,None,,,,False,,,2024-12-02 07:30:04
222,478376a2-82df-43aa-9a48-c90715df1297,auth0|60d5b46227b1060069324680,,,0013h000011ORNYAA4,2021-06-25 10:48:02.249,STANDARD,Active,2021-06-25,2024-11-25 08:00:16,,,,,,,,,,,,,,,,,New,,,None,,,,False,,,2024-12-02 07:30:04
223,a7d08331-f646-45bb-b709-46d6d5f0b142,auth0|622eb3376cb5ad0068bbab19,,,0013h00001eZ6NfAAK,2022-03-14 03:15:03.807,STANDARD,Active,2022-03-13,2024-11-13 08:00:18,,,,,,,,,,,,,,,,,New,,,None,,,,False,,,2024-12-02 07:30:04
224,32a1b0d1-2ef0-4680-815a-9696b4baeb08,auth0|6238fa2ee2417000691c895f,,,0013h00001eZcOaAAK,2022-03-21 22:20:30.671,STANDARD,Active,2022-03-21,2024-11-21 08:00:28,,,,,,,,,,,,,,,,,New,,,None,,,,False,,,2024-12-02 07:30:04
225,d84d5157-a63e-4ab5-8965-dc51d92b7713,auth0|6238259d837583007087cef1,,,0013h00001eZZaGAAW,2022-03-21 07:13:33.484,STANDARD,Active,2022-03-21,2024-11-21 08:00:30,,,,,,,,,,,,,,,,,New,,,None,,,,False,,,2024-12-02 07:30:04
226,a83164a3-24bc-4e8c-abc2-4a4e13334e3a,auth0|6239808cbfa03e00681427c9,,,0013h00001eZdSoAAK,2022-03-22 07:53:48.656,STANDARD,Active,2022-03-22,2024-11-22 08:00:23,,,,,,,,,,,,,,,,,New,,,None,,,,False,,,2024-12-02 07:30:04
227,d989f2c8-adc5-4bb6-8fb7-33e97b9f3aba,auth0|6239852f63aad900682b94ff,,,0013h00001eZdcuAAC,2022-03-22 08:13:35.152,STANDARD,Active,2022-03-22,2024-11-22 08:00:20,,,,,,,,,,,,,,,,,New,,,None,,,,False,,,2024-12-02 07:30:04
228,9db174b8-5ba5-4354-8d60-bcd371f6c611,auth0|6239cae95e4ed10069609209,,,0013h00001eZefXAAS,2022-03-22 13:11:05.251,STANDARD,Active,2022-03-22,2024-11-22 08:00:34,,,,,,,,,,,,,,,,,New,,,None,,,,False,,,2024-12-02 07:30:04
229,c8a56313-29b1-4892-a060-53fe8ed8eadd,auth0|6239767e4e74820069a57796,,,0013h00001eZdSmAAK,2022-03-22 07:10:54.825,STANDARD,Active,2022-03-22,2024-11-22 08:00:18,,,,,,,,,,,,,,,,,New,,,None,,,,False,,,2024-12-02 07:30:04
230,c9c65e56-ff50-4c17-a307-2884aa97b72a,auth0|6239686d226064006bfd19cb,,,0013h00001eZd6ZAAS,2022-03-22 06:10:53.526,STANDARD,Active,2022-03-22,2024-11-22 08:00:30,,,,,,,,,,,,,,,,,New,,,None,,,,False,,,2024-12-02 07:30:04
231,85807759-b380-48ba-982a-a33a271d6f4c,auth0|6239ce6e4e74820069a5d04c,,,0013h00001eZefUAAS,2022-03-22 13:26:06.509,STANDARD,Active,2022-03-22,2024-11-22 08:00:34,,,,,,,,,,,,,,,,,New,,,None,,,,False,,,2024-12-02 07:30:04
232,18ac0fc7-9bc2-46ec-8a19-81071bbdd951,auth0|6239c1cea9c1af0070f8b65d,,,0013h00001eZeSeAAK,2022-03-22 12:32:14.909,STANDARD,Active,2022-03-22,2024-11-22 08:00:31,,,,,,,,,,,,,,,,,New,,,None,,,,False,,,2024-12-02 07:30:04
233,5c884704-efdd-4d0e-8dbc-62f7306166c2,auth0|623cfbee3f11600069c71664,,,0013h00001eaGMSAA2,2022-03-24 23:17:02.407,STANDARD,Active,2022-03-25,2024-11-25 08:00:17,,,,,,,,,,,,,,,,,New,,,None,,,,False,,,2024-12-02 07:30:04
234,3a9f81d0-65f5-4fae-8043-9cf15d70304a,auth0|624118bf502fc900695b9770,,,0013h00001eaab7AAA,2022-03-28 02:09:03.063,STANDARD,Active,2022-03-27,2024-11-27 08:00:23,,,,,,,,,,,,,,,,,New,,,None,,,,False,,,2024-12-02 07:30:04
235,8c1e478b-129d-4137-9623-499bb644541b,auth0|624149042411e300686697cb,,,0013h00001eab1zAAA,2022-03-28 05:35:00.848,STANDARD,Active,2022-03-28,2024-11-28 08:00:18,,,,,,,,,,,,,,,,,New,,,None,,,,False,,,2024-12-02 07:30:04
236,f2f4f683-4b57-4c48-b829-063db17e0bf1,auth0|6241586dbfade6006f071d7a,,,0013h00001eabFHAAY,2022-03-28 06:40:45.786,STANDARD,Active,2022-03-28,2024-11-28 08:00:26,,,,,,,,,,,,,,,,,New,,,None,,,,False,,,2024-12-02 07:30:04
237,9c8e09dd-2a78-418b-a7c9-6de0b4cc8eb8,auth0|62415f8987c2400068544c04,,,0013h00001eabIrAAI,2022-03-28 07:11:05.726,STANDARD,Active,2022-03-28,2024-11-28 08:00:28,,,,,,,,,,,,,,,,,New,,,None,,,,False,,,2024-12-02 07:30:04
238,619973bd-4bed-47c1-ba49-62e3bd7a73ec,auth0|62414d95bfade6006f07157b,,,0013h00001eab20AAA,2022-03-28 05:54:29.862,STANDARD,Active,2022-03-28,2024-11-28 08:00:25,,,,,,,,,,,,,,,,,New,,,None,,,,False,,,2024-12-02 07:30:04
239,d5eab801-b3e9-481b-9217-b0f57b96dc54,auth0|6241310787c240006854286c,,,0013h00001eaalEAAQ,2022-03-28 03:52:39.095,STANDARD,Active,2022-03-28,2024-11-28 08:00:26,,,,,,,,,,,,,,,,,New,,,None,,,,False,,,2024-12-02 07:30:04
240,816abcdf-1dea-487b-baa6-725a26668494,auth0|624136c105087f006f84c7f4,,,0013h00001eaavAAAQ,2022-03-28 04:17:05.257,STANDARD,Active,2022-03-28,2024-11-28 08:00:20,,,,,,,,,,,,,,,,,New,,,None,,,,False,,,2024-12-02 07:30:04
241,276835e6-d4d2-4877-8f69-22cf17686d5d,auth0|6241553b2411e3006866a0fd,,,0013h00001eabFGAAY,2022-03-28 06:27:07.369,STANDARD,Active,2022-03-28,2024-11-28 08:00:18,,,,,,,,,,,,,,,,,New,,,None,,,,False,,,2024-12-02 07:30:04
242,7e4ae62e-7df0-4db5-916e-97779c6ce9fe,auth0|624151b560bf08006be8f51c,,,0013h00001eabFEAAY,2022-03-28 06:12:05.739,STANDARD,Active,2022-03-28,2024-11-28 08:00:27,,,,,,,,,,,,,,,,,New,,,None,,,,False,,,2024-12-02 07:30:04
243,7c503307-d996-4ffc-8481-807534bdc315,auth0|6241436960bf08006be8ea4e,,,0013h00001eab21AAA,2022-03-28 05:11:05.383,STANDARD,Active,2022-03-28,2024-11-28 08:00:31,,,,,,,,,,,,,,,,,New,,,None,,,,False,,,2024-12-02 07:30:04
244,009a3bee-8b6d-4796-8c8c-87cdba1408ca,auth0|62423a0466c9f1006a9ad243,,,0013h00001eafDjAAI,2022-03-28 22:43:16.033,STANDARD,Active,2022-03-28,2024-11-28 08:00:26,,,,,,,,,,,,,,,,,New,,,None,,,,False,,,2024-12-02 07:30:04
245,f6fa95a5-128e-437b-b370-17c500449cfa,auth0|62450b4479114d006a9e050f,,,0013h00001fl5wtAAA,2022-03-31 02:00:36.874,STANDARD,Active,2022-03-30,2024-11-30 08:00:21,,,,,,,,,,,,,,,,,New,,,None,,,,False,,,2024-12-02 07:30:04
246,a0793a52-2161-4d1d-8ffd-8fcac8dea4c3,auth0|6246d2deb5b84300708bd4fd,,,0013h00001flEFAAA2,2022-04-01 10:24:30.181,STANDARD,Active,2022-04-01,2024-12-01 08:00:31,,,,,,,,,,,,,,,,,New,,,None,,,,False,,,2024-12-02 07:30:04
247,c732dfcc-36e4-4ffb-aaf4-39792c944c26,auth0|624a9e202d572d0069947944,,,0013h00001fle8LAAQ,2022-04-04 07:28:32.046,STANDARD,Active,2022-04-04,2024-11-04 08:00:21,,,,,,,,,,,,,,,,,New,,,None,,,,False,,,2024-12-02 07:30:04
248,3c54fad4-7bf7-44b7-8bba-3938813837ae,auth0|64ef153ebe162eb79a386788,,,0013h00002GJ0YEAA1,2023-08-30 10:09:02.182,PRO,Active,2023-08-30,2024-11-30 08:00:27,,,,,,CandidateSearchEvent,2023-08-31 06:44:00.139,459.0,2023-08-31 06:44:00.139,459.0,2024-12-29,179.0,179.0,100.0,,,New,,,None,,,,False,,,2024-12-02 07:30:04
249,591dfc0e-ee13-4f8f-89cd-7614d7028d69,auth0|64ef1f70f3d45654eebd8e00,,,0013h00002GJ0YFAA1,2023-08-30 10:52:32.521,PRO,Active,2023-08-30,2024-11-30 08:00:47,,,,,,CandidateSearchEvent,2023-08-31 09:14:00.143,459.0,2023-08-31 09:14:00.143,459.0,2024-12-29,379.0,379.0,100.0,,,New,,,None,,,,False,,,2024-12-02 07:30:04
250,7b735ea4-ed84-4e73-b282-9ad6f60b2300,auth0|624d27079081fc00686ff779,,,0013h00001fm0SbAAI,2022-04-06 05:37:11.606,STANDARD,Active,2022-04-06,2024-11-06 08:00:18,,,,,,,,,,,,,,,,,New,,,None,,,,False,,,2024-12-02 07:30:04
251,16cfcc7c-f909-49c2-aef1-3b1daeea68a5,auth0|64f0638809b60924b07a0825,,,0013h00002GJ8NlAAL,2023-08-31 09:55:20.306,PRO,Active,2023-08-31,2024-11-30 08:00:34,,,,,,CandidateSearchEvent,2023-08-31 13:10:00.160,459.0,2023-08-31 13:10:00.160,459.0,2024-12-30,299.0,299.0,100.0,,,New,,,None,,,,False,,,2024-12-02 07:30:04
252,abc8081b-c449-4051-acf7-0d0503060286,auth0|64f07b04fc095ac034e1c5a6,,,0013h00002GJ8PPAA1,2023-08-31 11:35:32.442,PRO,Active,2023-08-31,2024-11-30 08:00:43,,,,,,CandidateSearchEvent,2023-09-01 04:50:00.143,458.0,2023-09-01 04:50:00.143,458.0,2024-12-30,3900.0,3900.0,100.0,,,New,,,None,,,,False,,,2024-12-02 07:30:04
253,a4ab41a1-a89c-4aaf-9cc9-d62c0f35733e,auth0|625773f0fb7e870069a3954b,,,0013h00001fnUPjAAM,2022-04-14 01:08:00.409,STANDARD,Active,2022-04-13,2024-11-13 08:00:26,,,,,,,,,,,,,,,,,New,,,None,,,,False,,,2024-12-02 07:30:04
254,174b9d9d-e56f-4dac-a999-efbfae96b775,auth0|64fa9302202dfe7958f50a67,,,0013h00002GJwaoAAD,2023-09-08 03:20:34.899,PRO,Active,2023-09-07,2024-11-07 08:00:27,,,,,,CandidateSearchEvent,2023-09-08 03:48:00.214,451.0,2023-09-11 06:44:00.091,448.0,2024-12-06,299.0,299.0,100.0,,,New,,,None,,,,False,,,2024-12-02 07:30:04
255,c8ccba70-b624-4e37-9afa-a181f3f5cc25,auth0|61089da44a94bd0071b9ad10,,,0013h00001CSGhEAAX,2021-08-03 01:36:36.865,STANDARD,Active,2021-08-02,2024-11-02 07:00:27,,,,,,,,,,,,,,,,,New,,,None,,,,False,,,2024-12-02 07:30:04
256,75433bbb-1b7c-4554-876e-7a0d3a606f3b,auth0|664e51cfce722097fe29ccb3,,,001KY000004AvDQYA0,2024-05-22 20:13:03.658,PRO,Active,2024-05-22,2024-11-22 08:00:26,,,,,,,,,,,2024-12-21,299.0,299.0,100.0,,,New,,,None,,,,False,,,2024-12-02 07:30:04
257,d96d68f1-3dc8-49fd-aa8e-042d39dee752,auth0|649922c0dbe4efe33af52456,,,0013h00002GK7N2AAL,2023-06-26 05:31:44.592,PRO,Active,2023-09-12,2024-11-12 08:00:23,,,,,,,,,,,2024-12-11,299.0,299.0,100.0,,,New,,,None,,,,False,,,2024-12-02 07:30:04
258,d96d68f1-3dc8-49fd-aa8e-042d39dee752,auth0|650126528257bbec51ed96e4,,,0013h00002GK7N2AAL,2023-09-13 03:02:42.653,PRO,Active,2023-09-12,2024-11-12 08:00:23,,,,,,CandidateSearchEvent,2023-09-13 03:22:00.156,446.0,2023-10-27 04:06:00.436,402.0,2024-12-11,299.0,299.0,100.0,,,New,,,None,,,,False,,,2024-12-02 07:30:04
259,34882c17-48f7-4e8f-aaeb-8d98af636ed3,auth0|6508ff3f335647efb18bf7d7,,,0013h00002GKJyPAAX,2023-09-19 01:54:07.484,PRO,Active,2023-09-18,2024-11-18 08:00:25,,,,,,CandidateSearchEvent,2023-09-19 02:19:00.178,440.0,2023-09-19 02:19:00.178,440.0,2024-12-17,299.0,299.0,100.0,,,New,,,None,,,,False,,,2024-12-02 07:30:04
260,8f097f82-32f5-48fe-b91f-537a81dc8bb3,auth0|6508f88b51fe47759cf5f58e,,,0013h00002GKJyRAAX,2023-09-19 01:25:31.738,STANDARD,Active,2023-09-18,2024-11-18 08:00:25,,,,,,,,,,,,,,,,,New,,,None,,,,False,,,2024-12-02 07:30:04
261,34882c17-48f7-4e8f-aaeb-8d98af636ed3,auth0|65090662d550cb58886aebae,,,0013h00002GKJyPAAX,2023-09-19 02:24:34.085,PRO,Active,2023-09-18,2024-11-18 08:00:25,,,,,,,,,,,2024-12-17,299.0,299.0,100.0,,,New,,,None,,,,False,,,2024-12-02 07:30:04
262,eec2a0f5-9114-486c-a4bc-246aeb34ed75,auth0|65090f6cd603806841c87e98,,,0013h00002GKK0FAAX,2023-09-19 03:03:08.092,PRO,Active,2023-09-18,2024-11-18 08:00:25,,,,,,,,,,,2024-12-17,3900.0,3900.0,100.0,,,New,,,None,,,,False,,,2024-12-02 07:30:04
263,f2cb2b90-8a4b-4d3e-979f-00bd0fc91fdb,auth0|6509072dc5c0d4ef37a08082,,,0013h00002GKJzhAAH,2023-09-19 02:27:57.066,STANDARD,Active,2023-09-18,2024-11-18 08:00:27,,,,,,,,,,,,,,,,,New,,,None,,,,False,,,2024-12-02 07:30:04
264,34882c17-48f7-4e8f-aaeb-8d98af636ed3,auth0|650968a0e7f153a13380da37,,,0013h00002GKJyPAAX,2023-09-19 09:23:44.951,PRO,Active,2023-09-18,2024-11-18 08:00:25,,,,,,,,,,,2024-12-17,299.0,299.0,100.0,,,New,,,None,,,,False,,,2024-12-02 07:30:04
265,3b0a0f94-773c-4bae-aca1-8f0081e6187a,auth0|651fe860cab7d38392f81bd3,,,0013h00002GKzDUAA1,2023-10-06 10:58:40.077,STANDARD,Active,2023-10-06,2024-11-06 08:00:19,,,,,,,,,,,,,,,,,New,,,None,,,,False,,,2024-12-02 07:30:04
266,b3ac36d3-d62f-40c1-a9c8-cdb47fbb1104,auth0|651fe860cab7d38392f81bd3,,,0013h00002GKzDUAA1,2023-10-06 10:58:40.077,STANDARD,Active,2023-10-06,2024-11-06 08:00:28,,,,,,,,,,,,,,,,,New,,,None,,,,False,,,2024-12-02 07:30:04
267,f739049a-32bb-4d46-83c6-d5d80454c30d,auth0|651ff6edc6f7a160ffa6bf6d,,,0013h00002FVWnYAAX,2023-10-06 12:00:45.234,PRO,Active,2023-10-06,2024-11-06 08:00:30,,,,,,,,,,,2024-12-05,293.0,293.0,100.0,2024-04-04 09:35:30,2024-07-24 06:31:00,New,,PRO,None,,,,False,,,2024-12-02 07:30:04
268,2b4e7b58-29d7-4d5f-aaa3-ef312f508e41,auth0|651fe860cab7d38392f81bd3,,,0013h00002GKzDUAA1,2023-10-06 10:58:40.077,STANDARD,Active,2023-10-06,2024-11-06 08:00:28,,,,,,,,,,,,,,,,,New,,,None,,,,False,,,2024-12-02 07:30:04
269,128851e2-5a8a-45a4-a6d1-fcec97e84b7a,auth0|651ff6edc6f7a160ffa6bf6d,,,0013h00002FVWnYAAX,2023-10-06 12:00:45.234,PRO,Active,2023-10-06,2024-11-06 08:00:30,,,,,,,,,,,2024-12-05,293.0,293.0,100.0,2024-04-04 09:35:30,2024-07-24 06:31:00,New,,PRO,None,2025-07-24 04:00:00,234.0,,False,,,2024-12-02 07:30:04
270,d35d1051-cb36-4af2-a6c3-4365c2f4fe82,auth0|651fe860cab7d38392f81bd3,,,0013h00002GKzDUAA1,2023-10-06 10:58:40.077,STANDARD,Active,2023-10-06,2024-11-06 08:00:19,,,,,,,,,,,,,,,,,New,,,None,,,,False,,,2024-12-02 07:30:04
271,6de3af84-bdcd-4246-99aa-625bb164a4ad,auth0|651fe860cab7d38392f81bd3,,,0013h00002GLGjlAAH,2023-10-06 10:58:40.077,STANDARD,Active,2023-10-12,2024-11-12 08:00:27,,,,,,,,,,,,,,,,,New,,,None,,,,False,,,2024-12-02 07:30:04
272,74cd95f8-c983-408d-8043-7bb76d6af111,auth0|651fe860cab7d38392f81bd3,,,0013h00002GLGjlAAH,2023-10-06 10:58:40.077,STANDARD,Active,2023-10-12,2024-11-12 08:00:27,,,,,,,,,,,,,,,,,New,,,None,,,,False,,,2024-12-02 07:30:04
273,27c60cf8-4492-44fc-994c-21f646a240dd,auth0|63e97951a8ca5db784688558,,,0013h000025sZNYAA2,2023-02-12 23:42:09.417,STANDARD,Active,2023-02-12,2024-11-12 08:00:18,,,,,,,,,,,,,,,,,New,,,None,,,,False,,,2024-12-02 07:30:04
274,5f8e1b8b-3b70-47cc-a00c-478808152921,auth0|653a23c4b059f2e4077ccb7c,,,0013h00002GZCIXAA5,2023-10-26 08:31:00.325,STANDARD,Active,2023-10-26,2024-11-26 08:00:17,,,,,,,,,,,,,,,,,New,,,None,,,,False,,,2024-12-02 07:30:04
275,f3e3d9d7-1178-4dac-90c6-9bc24951c684,auth0|651fe860cab7d38392f81bd3,,,0013h00002GZCMeAAP,2023-10-06 10:58:40.077,STANDARD,Active,2023-10-26,2024-11-26 08:00:18,,,,,,,,,,,,,,,,,New,,,None,,,,False,,,2024-12-02 07:30:04
276,7a94cbe6-950f-4cd4-a75e-1472fea1862e,auth0|651fe860cab7d38392f81bd3,,,0013h00002GZCI8AAP,2023-10-06 10:58:40.077,STANDARD,Active,2023-10-26,2024-11-26 08:00:18,,,,,,,,,,,,,,,,,New,,,None,,,,False,,,2024-12-02 07:30:04
277,0fe5d0f5-32a9-492e-9010-ff69eddcf18c,auth0|5f4689e9a0c6690067433ebf,,,0013h00002Akum9AAB,2020-08-26 16:12:25.594,STANDARD,Active,2023-02-13,2024-11-13 08:00:18,,,,,,,,,,,,,,,,,New,,,None,,,,False,,,2024-12-02 07:30:04
278,0fe5d0f5-32a9-492e-9010-ff69eddcf18c,auth0|63ea6b7a8bd7973b3b978c34,,,0013h00002Akum9AAB,2023-02-13 16:55:22.947,STANDARD,Active,2023-02-13,2024-11-13 08:00:18,,,,,,,,,,,,,,,,,New,,,None,,,,False,,,2024-12-02 07:30:04
279,825346bf-bef4-4a1a-a65b-d69649a1646d,auth0|63e9aa111e8cea46436a6d1c,,,0013h000025sZQIAA2,2023-02-13 03:10:09.687,STANDARD,Active,2023-02-13,2024-11-13 08:00:20,,,,,,,,,,,,,,,,,New,,,None,,,,False,,,2024-12-02 07:30:04
280,0fe5d0f5-32a9-492e-9010-ff69eddcf18c,auth0|66296eecfb8a495801c7eec7,,,0013h00002Akum9AAB,2024-04-24 20:43:24.417,STANDARD,Active,2023-02-13,2024-11-13 08:00:18,,,,,,,,,,,,,,,,,New,,,None,,,,False,,,2024-12-02 07:30:04
281,d350c8b7-200e-408f-b460-d4b850affdba,auth0|660b73fd2d69ca97d9fdf43e,,,0013h00002HWE8kAAH,2024-04-02 02:57:01.071,STANDARD,Active,2024-07-09,2024-11-09 08:00:20,2024-07-09 14:20:30.446,146.0,,2024-07-09 14:20:30.446,146.0,,,,,,,,,,,,New,,,None,,,,False,,,2024-12-02 07:30:04
282,d77853d9-1333-4c5a-9d2a-50431d01adb9,auth0|63eb4682e9a2190eb0c1af01,,,0013h00002Al3jWAAR,2023-02-14 08:29:54.047,STANDARD,Active,2023-02-14,2024-11-14 08:00:27,,,,,,,,,,,,,,,,,New,,,None,,,,False,,,2024-12-02 07:30:04
283,74758bc5-cd17-4757-82d3-e481a52a18f7,auth0|614b7675bf4d17007263d007,,,0013h00001CIw9nAAD,2021-09-22 18:31:17.665,STANDARD,Active,2021-09-22,2024-11-23 08:00:21,,,,,,,,,,,,,,,,,New,,,None,,,,False,,,2024-12-02 07:30:04
284,01eb6409-9894-4532-8dbf-810523618002,auth0|5f355aa31e5f170037fe87ae,,,0013h00001CJ9XQAA1,2020-08-13 15:22:11.864,STANDARD,Active,2021-09-27,2024-11-18 08:00:28,,,,,,,,,,,,,,,,,New,,,None,,,,False,,,2024-12-02 07:30:04
285,32453b27-81d5-4731-84d8-13fdebfb4dcf,auth0|654acf510bfed87a54874ac7,,,0013h00002HSFJ1AAP,2023-11-07 23:59:13.897,PRO,Active,2023-11-07,2024-11-07 08:00:29,,,,,,,,,,,2024-12-06,749.0,749.0,100.0,,,New,,,None,,,,False,,,2024-12-02 07:30:04
286,32453b27-81d5-4731-84d8-13fdebfb4dcf,auth0|65ee44ab85c3a9a330239fba,,,0013h00002HSFJ1AAP,2024-03-10 23:39:23.568,PRO,Active,2023-11-07,2024-11-07 08:00:29,,,,,,,,,,,2024-12-06,749.0,749.0,100.0,,,New,,,None,,,,False,,,2024-12-02 07:30:04
287,831ed483-c049-4558-8d37-cd0afe48bab0,auth0|654adbd11387cc7664bf3084,,,0013h00002HSFJMAA5,2023-11-08 00:52:33.140,PRO,Active,2023-11-07,2024-11-07 08:00:32,,,,,,CandidateSearchEvent,2023-11-08 01:09:00.093,390.0,2023-11-08 02:09:00.076,390.0,2024-12-06,99.0,99.0,100.0,,,New,,,None,,,,False,,,2024-12-02 07:30:04
288,32453b27-81d5-4731-84d8-13fdebfb4dcf,auth0|65ee48db9a7f26c4ec702d10,,,0013h00002HSFJ1AAP,2024-03-10 23:57:15.574,PRO,Active,2023-11-07,2024-11-07 08:00:29,,,,,,,,,,,2024-12-06,749.0,749.0,100.0,,,New,,,None,,,,False,,,2024-12-02 07:30:04
289,df3d4be1-a256-4063-865c-822fd55be1ee,auth0|654ae1c9fba736caeb3540db,,,0013h00002HSFJcAAP,2023-11-08 01:18:01.142,PRO,Active,2023-11-07,2024-11-07 08:00:16,,,,,,CandidateSearchEvent,2023-11-08 01:33:00.062,390.0,2023-11-08 02:22:00.013,390.0,2024-12-06,299.0,299.0,100.0,,,New,,,None,,,,False,,,2024-12-02 07:30:04
290,3f19c78e-7202-44aa-abc2-fca62c39686c,auth0|654aea4396ab64d240192499,,,0013h00002HSFJeAAP,2023-11-08 01:54:11.617,PRO,Active,2023-11-07,2024-11-07 08:00:29,,,,,,CandidateSearchEvent,2023-11-08 02:28:00.066,390.0,2023-11-08 02:30:00.077,390.0,2024-12-06,299.0,299.0,100.0,,,New,,,None,,,,False,,,2024-12-02 07:30:04
291,32453b27-81d5-4731-84d8-13fdebfb4dcf,auth0|654ac85b3b1b8d1d22a43cc6,,,0013h00002HSFJ1AAP,2023-11-07 23:29:31.571,PRO,Active,2023-11-07,2024-11-07 08:00:29,2024-06-04 01:44:10.146,181.0,,2024-06-21 06:04:19.423,164.0,CandidateSearchEvent,2023-11-07 23:50:00.315,391.0,2023-11-08 00:39:00.038,390.0,2024-12-06,749.0,749.0,100.0,,,New,,,None,,,,False,,,2024-12-02 07:30:04
292,831ed483-c049-4558-8d37-cd0afe48bab0,auth0|654adfcb8ce4d452c5599a9a,,,0013h00002HSFJMAA5,2023-11-08 01:09:31.827,PRO,Active,2023-11-07,2024-11-07 08:00:32,,,,,,,,,,,2024-12-06,99.0,99.0,100.0,,,New,,,None,,,,False,,,2024-12-02 07:30:04
293,47247eaa-78e9-4f09-ae55-850e59e1f1c4,auth0|62aa928e651a4ebd3dd0b60f,,,0013h00001m7PTNAA2,2022-06-16 02:16:46.290,STANDARD,Active,2022-06-15,2024-11-15 08:00:25,,,,,,,,,,,,,,,,,New,,,None,,,,False,,,2024-12-02 07:30:04
294,37ac70fc-241b-4205-a33e-c5a715ee9dc5,auth0|66a0880d60c8bb5922bfb14b,,,001VY000009t0YWYAY,2024-07-24 04:50:21.052,FREE,Active,2024-07-24,2024-11-24 08:00:23,,,,,,,,,,,,,,,,,New,,,None,,,2024-07-24 09:04:38.354,False,,2024-09-26 23:41:14.385,2024-12-02 07:30:04
295,444e74f8-44ca-4254-969b-ef78d69b3e94,auth0|66a0b3b056827653e34875eb,,,001VY000009t0WrYAI,2024-07-24 07:56:32.110,PRO,Active,2024-07-24,2024-07-24 09:09:47,2024-07-24 10:32:39.602,131.0,,2024-07-24 10:32:39.602,131.0,,,,,,2025-07-23,1100.0,1100.0,100.0,,2024-07-24 09:09:46,New,,,None,2025-07-24 04:00:00,234.0,,False,,,2024-12-02 07:30:04
296,14d3918a-91cc-4ebd-b540-a61b8f89f6f3,auth0|6409230c43312e8eb3b20b2c,,,0013h00002BW0iuAAD,2023-03-09 00:06:36.829,STANDARD,Active,2023-03-08,2024-11-08 08:00:17,,,,,,,,,,,,,,,,,New,,,None,,,,False,,,2024-12-02 07:30:04
297,3ab1dd9a-9b33-413c-836b-7f1afdcfbcf1,auth0|66ab381813981e050ad0d9f5,,,001KY000004CLDbYAO,2024-08-01 07:24:08.775,PRO,Active,2024-08-01,2024-09-27 10:13:22,,,,,,,,,,,2025-07-31,600.0,600.0,100.0,,2024-09-27 10:13:22,New,,,None,2025-08-01 04:00:00,242.0,,False,,,2024-12-02 07:30:04
298,0ee8fd1c-c723-47e1-a8b1-a91407caf145,auth0|64097731ca2ce09d0b83c187,,,0013h00002BW0xTAAT,2023-03-09 06:05:37.278,STANDARD,Active,2023-03-09,2024-11-09 08:00:15,,,,,,,,,,,,,,,,,New,,,None,,,,False,,,2024-12-02 07:30:04
299,73e4e044-971e-43f7-bb20-6790873b88b4,auth0|640b24015b1d6468857a167f,,,0013h00002BW8pXAAT,2023-03-10 12:35:13.646,STANDARD,Active,2023-03-10,2024-11-10 08:00:30,2024-07-30 10:13:28.625,125.0,,2024-07-30 10:13:28.625,125.0,,,,,,,,,,,,New,,,None,,,,False,,,2024-12-02 07:30:04
300,ce78001a-e7f6-4198-ba7e-a42c827371dc,auth0|5f45b44f90838e006e499725,,,0013h00001KSLBGAA5,2020-08-26 01:01:03.180,STANDARD,Active,2021-10-27,2024-11-27 08:00:18,,,,,,,,,,,,,,,,,New,,,None,,,,False,,,2024-12-02 07:30:04
301,fbbfec00-2ded-4023-b448-1ab1a3dd045a,auth0|618091a7861e1300694173cd,,,0013h00001MkNgqAAF,2021-11-02 01:17:27.644,STANDARD,Active,2021-11-01,2024-12-01 08:00:32,,,,,,,,,,,,,,,,,New,,,None,,,,False,,,2024-12-02 07:30:04
302,c6b55ef1-c7ed-4330-8fc4-6449572ffeeb,auth0|6424eca1bc219d0fab3a6fc6,,,0013h00002CBZ0aAAH,2023-03-30 01:57:53.678,STANDARD,Active,2023-03-29,2024-11-29 08:00:21,2024-07-30 10:18:24.136,125.0,,2024-07-30 10:18:24.136,125.0,,,,,,,,,,,,New,,,None,,,,False,,,2024-12-02 07:30:04
303,3fa0495f-0b2e-4ad3-8e6b-135af0022c2b,auth0|6424e090bc219d0fab3a6627,,,0013h00002CBYwdAAH,2023-03-30 01:06:24.056,STANDARD,Active,2023-03-29,2024-11-29 08:00:26,,,,,,,,,,,,,,,,,New,,,None,,,,False,,,2024-12-02 07:30:04
304,cdddcc2b-4506-4df8-a462-76a73dc88dba,auth0|64252c9399684479d2691c1c,,,0013h00002CBZACAA5,2023-03-30 06:30:43.307,STANDARD,Active,2023-03-30,2024-11-30 08:00:47,,,,,,,,,,,,,,,,,New,,,None,,,,False,,,2024-12-02 07:30:04
305,f2a88bba-bfd3-4f80-acd7-c6ee57ddae78,auth0|6424f98de0d7c9d4ba3710bb,,,0013h00002CBZ0lAAH,2023-03-30 02:53:01.237,STANDARD,Active,2023-03-30,2024-11-30 08:00:32,,,,,,,,,,,,,,,,,New,,,None,,,,False,,,2024-12-02 07:30:04
306,64e5e874-bfb8-41c5-9e6b-c2444218a580,auth0|64ed4a09085e44b38c985963,,,0013h00002GIoqLAAT,2023-08-29 01:29:45.172,PRO,Active,2023-12-18,2024-11-18 08:00:23,,,,,,CandidateSearchEvent,2024-02-08 03:28:00.109,298.0,2024-02-15 05:28:00.034,291.0,2024-12-17,299.0,299.0,100.0,,,New,,,None,,,,False,,,2024-12-02 07:30:04
307,489efd5c-72d1-424b-86a8-4b08883b4b59,auth0|644f0a4d50284b0da3470e0c,,,0013h00002CzoohAAB,2023-05-01 00:39:41.569,PRO,Active,2023-04-30,2024-11-30 08:00:48,,,,,,CandidateSearchEvent,2023-10-26 00:03:00.110,403.0,2023-10-26 00:04:00.096,403.0,2024-12-29,749.0,749.0,100.0,,2023-10-25 22:25:17,Upgrade,STANDARD,,None,,,,False,,,2024-12-02 07:30:04
308,b8b08cb6-f016-4857-82bf-4ac356ece119,auth0|61af2f6f5e3f03006ab94545,,,0013h00001QPm6EAAT,2021-12-07 09:54:55.165,PRO,Active,2021-12-08,2024-11-18 08:00:24,,,,,,CandidateSearchEvent,2023-12-19 04:10:00.133,349.0,2023-12-19 04:10:00.133,349.0,2024-12-17,299.0,299.0,100.0,,2023-12-19 03:17:38,Upgrade,STANDARD,,None,,,,False,,,2024-12-02 07:30:04
309,ecabfa57-6849-498d-a054-5c5deca79fc9,auth0|6448a4023c5be14a186a0030,,,0013h00002D31K0AAJ,2023-04-26 04:09:38.945,PRO,Active,2023-05-17,2024-11-17 08:00:20,,,,,,,,,,,2024-12-16,299.0,299.0,100.0,,2023-07-25 07:54:39,Upgrade,STANDARD,,None,,,,False,,,2024-12-02 07:30:04
310,ed092a81-0dc0-4b1f-86a0-77c2947fa1d0,auth0|6719ba13921782d6e4d6e3a6,,,001VY00000DnU8nYAF,2024-10-24 03:08:03.625,STANDARD,Active,2024-10-23,2024-11-24 08:00:19,2024-10-24 22:35:11.981,39.0,,2024-10-24 22:35:11.981,39.0,,,,,,,,,,,2024-10-24 22:23:15,Upgrade,FREE,,None,,,2024-10-24 04:06:06.899,False,,2024-11-23 04:06:06.899,2024-12-02 07:30:04
311,2aa252df-cbd2-4099-9cab-f4ca35bf7abc,auth0|6719e2f98c9e99e38734e8ba,,,001VY00000Do64NYAR,2024-10-24 06:02:33.294,PRO,Active,2024-10-24,2024-11-24 08:00:27,2024-10-25 00:49:04.658,38.0,,2024-10-25 00:49:04.658,38.0,,,,,,2024-12-23,249.0,249.0,100.0,,2024-10-25 00:28:38,Upgrade,FREE,,None,,,2024-10-24 06:22:22.305,True,,2024-11-24 00:49:04.658,2024-12-02 07:30:04
312,bafd7b57-5d1a-4533-87f1-a4f0aa52d617,auth0|6721ecc1661fa4da7a6012c7,,,001VY00000E2ZpgYAF,2024-10-30 08:22:25.129,STANDARD,Active,2024-10-30,2024-11-30 08:00:30,2024-10-30 08:32:22.128,33.0,,2024-10-30 08:32:22.128,33.0,,,,,,,,,,,2024-10-30 08:30:29,Upgrade,FREE,,None,,,2024-10-30 08:29:18.344,False,,2024-11-29 08:29:18.344,2024-12-02 07:30:04
313,d59a2392-8a7a-4b79-ac78-bb3d19347a8b,auth0|6721d3759c1e88f7d496bae4,,,001VY00000E20jtYAB,2024-10-30 06:34:29.849,PRO,Active,2024-10-30,2024-12-01 08:00:25,,,,,,CandidateSearchEvent,2024-11-01 08:20:00.276,31.0,2024-11-01 08:20:00.276,31.0,2024-12-31,199.0,199.0,100.0,,2024-11-01 08:17:15,Upgrade,FREE,,None,,,2024-10-30 06:41:44.157,False,,2024-11-29 06:41:44.157,2024-12-02 07:30:04
314,e32f3fdb-3906-4064-9175-eb5a3c4576bc,auth0|6721c9d0ac71294fbcfdee6c,,,001VY00000E20jsYAB,2024-10-30 05:53:20.617,STANDARD,Active,2024-10-30,2024-11-30 08:00:39,2024-10-30 06:19:44.826,33.0,,2024-10-30 06:19:44.826,33.0,,,,,,,,,,,2024-10-30 06:17:23,Upgrade,FREE,,None,,,2024-10-30 06:10:45.149,True,,2024-11-29 06:19:44.826,2024-12-02 07:30:04
315,34cd9561-9ed8-4ac4-b4e1-6526c5d97713,auth0|672c68df15a581e9c2a57143,,,001VY00000ELXVhYAP,2024-11-07 07:14:39.422,PRO,Active,2024-11-07,2024-11-07 07:40:41,,,,,,,,,,,2024-12-06,299.0,299.0,100.0,,2024-11-07 07:40:41,Upgrade,STANDARD,,None,2024-12-07 05:00:00,5.0,,False,,,2024-12-02 07:30:04
316,ead65bb9-8e54-4196-a321-ac725935b3c3,auth0|673a927f3f4677694e27e48c,,,001VY00000ElQohYAF,2024-11-18 01:03:59.443,STANDARD,Active,2024-11-17,2024-11-18 01:35:27,2024-11-18 01:40:09.127,14.0,,2024-11-18 01:40:09.127,14.0,,,,,,,,,,,2024-11-18 01:35:26,Upgrade,FREE,,None,2024-12-17 05:00:00,15.0,2024-11-18 01:22:43.683,False,,2024-12-18 01:22:43.683,2024-12-02 07:30:04
317,6beba211-8178-42d1-960f-8b3e5b68595e,auth0|649bc51f4c7e0b98a8db7cd9,,,0013h00002EhmOuAAJ,2023-06-28 05:29:03.091,PRO,Active,2023-06-28,2024-11-28 08:00:21,2024-06-17 23:54:58.780,168.0,,2024-11-24 23:10:06.302,8.0,CandidateSearchEvent,2023-06-28 06:46:00.216,523.0,2024-09-04 04:52:00.303,89.0,2024-12-27,299.0,299.0,100.0,,2023-06-28 06:02:46,Upgrade,STANDARD,,None,,,,False,,,2024-12-02 07:30:04
318,6beba211-8178-42d1-960f-8b3e5b68595e,auth0|649d0c4729b33b6a33d784dd,,,0013h00002EhmOuAAJ,2023-06-29 04:44:55.874,PRO,Active,2023-06-28,2024-11-28 08:00:21,,,,,,CandidateSearchEvent,2023-12-01 03:03:00.097,367.0,2023-12-01 03:03:00.097,367.0,2024-12-27,299.0,299.0,100.0,,2023-06-28 06:02:46,Upgrade,STANDARD,,None,,,,False,,,2024-12-02 07:30:04
319,6beba211-8178-42d1-960f-8b3e5b68595e,auth0|5f4094d82bddfc00398cbb15,,,0013h00002EhmOuAAJ,2020-08-22 03:45:28.423,PRO,Active,2023-06-28,2024-11-28 08:00:21,,,,,,,,,,,2024-12-27,299.0,299.0,100.0,,2023-06-28 06:02:46,Upgrade,STANDARD,,None,,,,False,,,2024-12-02 07:30:04
320,6beba211-8178-42d1-960f-8b3e5b68595e,auth0|649d10ced0c52aae0040a84c,,,0013h00002EhmOuAAJ,2023-06-29 05:04:14.083,PRO,Active,2023-06-28,2024-11-28 08:00:21,,,,,,CandidateSearchEvent,2023-12-01 03:01:00.093,367.0,2023-12-01 03:01:00.093,367.0,2024-12-27,299.0,299.0,100.0,,2023-06-28 06:02:46,Upgrade,STANDARD,,None,,,,False,,,2024-12-02 07:30:04
321,6beba211-8178-42d1-960f-8b3e5b68595e,auth0|5f472ed3fa367a0068095357,,,0013h00002EhmOuAAJ,2020-08-27 03:56:03.386,PRO,Active,2023-06-28,2024-11-28 08:00:21,,,,,,,,,,,2024-12-27,299.0,299.0,100.0,,2023-06-28 06:02:46,Upgrade,STANDARD,,None,,,,False,,,2024-12-02 07:30:04
322,1c0f3ac4-645f-44c7-b922-59965f71b396,auth0|62186da058b74500697439d8,,,0013h00001bYnGwAAK,2022-02-25 05:48:16.029,PRO,Active,2022-02-25,2024-11-07 07:40:26,,,,,,,,,,,2025-11-06,1188.0,1188.0,100.0,,2024-11-07 07:40:25,Upgrade,STANDARD,,None,2025-11-07 05:00:00,340.0,,False,,,2024-12-02 07:30:04
323,b0b44058-bb43-46e7-9b7b-21acb97813e4,auth0|653f1cee0227640b07345feb,,,0013h00001eXy3DAAS,2023-10-30 03:03:10.274,PRO,Active,2022-03-02,2024-11-02 07:00:23,,,,,,,,,,,,,,,,2023-10-30 01:06:59,Upgrade,STANDARD,,None,,,,False,,,2024-12-02 07:30:04
324,a7416560-2808-46ff-a803-4de320db3181,auth0|6220265c30c4e40068a8bb4d,,,0013h00001eXyuTAAS,2022-03-03 02:22:20.069,PRO,Active,2022-03-02,2024-11-02 07:00:19,,,,,,CandidateSearchEvent,2023-11-01 07:05:00.058,397.0,2023-11-01 07:05:00.058,397.0,,,,,,2023-11-01 06:37:19,Upgrade,STANDARD,,None,,,,False,,,2024-12-02 07:30:04
325,b0b44058-bb43-46e7-9b7b-21acb97813e4,auth0|621ff3915265c3006aae71d2,,,0013h00001eXy3DAAS,2022-03-02 22:45:37.449,PRO,Active,2022-03-02,2024-11-02 07:00:23,,,,,,CandidateSearchEvent,2023-10-30 01:13:00.138,399.0,2023-10-30 01:13:00.138,399.0,,,,,,2023-10-30 01:06:59,Upgrade,STANDARD,,None,,,,False,,,2024-12-02 07:30:04
326,da44996f-533e-4f26-929d-535fc6a4e302,auth0|653a23c4b059f2e4077ccb7c,,,0013h00002GZCOGAA5,2023-10-26 08:31:00.325,PRO,Active,2024-04-08,2024-11-08 08:00:32,,,,,,,,,,,2024-12-07,299.0,299.0,100.0,,2024-05-16 06:51:36,Upgrade,STANDARD,STANDARD,Downgrade,,,,False,,,2024-12-02 07:30:04
327,fe9c13bc-5402-4a38-8ebe-7af3e8a1013f,auth0|5f88552871af490075a254dc,,,0013h000011OERwAAO,2020-10-15 13:56:56.762,PRO,Active,2021-06-22,2024-11-22 08:00:20,,,,,,,,,,,2024-12-21,299.0,299.0,100.0,,2023-07-20 13:14:24,Upgrade,STANDARD,,None,,,,False,,,2024-12-02 07:30:04
328,fe9c13bc-5402-4a38-8ebe-7af3e8a1013f,auth0|63ea6b7a8bd7973b3b978c34,,,0013h000011OERwAAO,2023-02-13 16:55:22.947,PRO,Active,2021-06-22,2024-11-22 08:00:20,,,,,,,,,,,2024-12-21,299.0,299.0,100.0,,2023-07-20 13:14:24,Upgrade,STANDARD,,None,,,,False,,,2024-12-02 07:30:04
329,fe9c13bc-5402-4a38-8ebe-7af3e8a1013f,auth0|66296eecfb8a495801c7eec7,,,0013h000011OERwAAO,2024-04-24 20:43:24.417,PRO,Active,2021-06-22,2024-11-22 08:00:20,,,,,,,,,,,2024-12-21,299.0,299.0,100.0,,2023-07-20 13:14:24,Upgrade,STANDARD,,None,,,,False,,,2024-12-02 07:30:04
330,fe9c13bc-5402-4a38-8ebe-7af3e8a1013f,auth0|642c3d864eaff9a2cc26962d,,,0013h000011OERwAAO,2023-04-04 15:08:54.855,PRO,Active,2021-06-22,2024-11-22 08:00:20,2024-08-14 16:33:02.535,110.0,,2024-08-14 16:33:02.535,110.0,,,,,,2024-12-21,299.0,299.0,100.0,,2023-07-20 13:14:24,Upgrade,STANDARD,,None,,,,False,,,2024-12-02 07:30:04
331,fe9c13bc-5402-4a38-8ebe-7af3e8a1013f,auth0|5f4689e9a0c6690067433ebf,,,0013h000011OERwAAO,2020-08-26 16:12:25.594,PRO,Active,2021-06-22,2024-11-22 08:00:20,,,,,,CandidateSearchEvent,2023-07-21 02:28:00.167,500.0,2024-07-29 19:59:00.203,126.0,2024-12-21,299.0,299.0,100.0,,2023-07-20 13:14:24,Upgrade,STANDARD,,None,,,,False,,,2024-12-02 07:30:04
332,fe9c13bc-5402-4a38-8ebe-7af3e8a1013f,auth0|6218f24058b745006974b007,,,0013h000011OERwAAO,2022-02-25 15:14:08.917,PRO,Active,2021-06-22,2024-11-22 08:00:20,,,,,,,,,,,2024-12-21,299.0,299.0,100.0,,2023-07-20 13:14:24,Upgrade,STANDARD,,None,,,,False,,,2024-12-02 07:30:04
333,79748ea4-d1b1-4a42-9314-db8b63120379,auth0|669f1929535433df19c93fef,,,0013h00002FWJEXAA5,2024-07-23 02:44:57.317,PRO,Active,2023-08-09,2024-11-09 08:00:25,2024-08-19 01:42:23.373,105.0,,2024-08-19 01:42:23.373,105.0,,,,,,2024-12-08,299.0,299.0,100.0,,2023-08-09 06:15:17,Upgrade,STANDARD,,None,,,,False,,,2024-12-02 07:30:04
334,79748ea4-d1b1-4a42-9314-db8b63120379,auth0|6538c2ff1a9cce5148e34e20,,,0013h00002FWJEXAA5,2023-10-25 07:25:51.796,PRO,Active,2023-08-09,2024-11-09 08:00:25,,,,,,CandidateSearchEvent,2023-10-25 07:31:00.066,404.0,2023-10-25 07:31:00.066,404.0,2024-12-08,299.0,299.0,100.0,,2023-08-09 06:15:17,Upgrade,STANDARD,,None,,,,False,,,2024-12-02 07:30:04
335,79748ea4-d1b1-4a42-9314-db8b63120379,auth0|64d2eab61c6487c2f4ac742a,,,0013h00002FWJEXAA5,2023-08-09 01:24:06.136,PRO,Active,2023-08-09,2024-11-09 08:00:25,2024-06-02 22:49:58.327,183.0,,2024-12-01 23:36:06.078,1.0,CandidateSearchEvent,2023-08-21 01:32:00.185,469.0,2023-10-20 14:25:00.029,409.0,2024-12-08,299.0,299.0,100.0,,2023-08-09 06:15:17,Upgrade,STANDARD,,None,,,,False,,,2024-12-02 07:30:04
336,79748ea4-d1b1-4a42-9314-db8b63120379,auth0|650d2ab61023ab4072f51735,,,0013h00002FWJEXAA5,2023-09-22 05:48:38.333,PRO,Active,2023-08-09,2024-11-09 08:00:25,,,,,,,,,,,2024-12-08,299.0,299.0,100.0,,2023-08-09 06:15:17,Upgrade,STANDARD,,None,,,,False,,,2024-12-02 07:30:04
337,79748ea4-d1b1-4a42-9314-db8b63120379,auth0|64ef0881d7ac9a0a5d98903c,,,0013h00002FWJEXAA5,2023-08-30 09:14:41.269,PRO,Active,2023-08-09,2024-11-09 08:00:25,,,,,,,,,,,2024-12-08,299.0,299.0,100.0,,2023-08-09 06:15:17,Upgrade,STANDARD,,None,,,,False,,,2024-12-02 07:30:04
338,79748ea4-d1b1-4a42-9314-db8b63120379,auth0|65f7cdb0ae1054593a910f70,,,0013h00002FWJEXAA5,2024-03-18 05:14:24.695,PRO,Active,2023-08-09,2024-11-09 08:00:25,,,,,,CandidateSearchEvent,2024-03-18 05:18:00.048,259.0,2024-03-18 05:18:00.207,259.0,2024-12-08,299.0,299.0,100.0,,2023-08-09 06:15:17,Upgrade,STANDARD,,None,,,,False,,,2024-12-02 07:30:04
339,27eb4839-0507-4368-879a-9972aba9bf01,auth0|623d120205087f006f80c5a1,,,0013h00001eaHWmAAM,2022-03-25 00:51:14.173,PRO,Active,2022-03-24,2024-11-24 08:00:21,,,,,,CandidateSearchEvent,2024-05-24 06:45:00.157,192.0,2024-05-24 06:45:00.157,192.0,2024-12-23,299.0,299.0,100.0,,2024-05-24 04:24:19,Upgrade,STANDARD,,None,,,,False,,,2024-12-02 07:30:04
340,27eb4839-0507-4368-879a-9972aba9bf01,auth0|66504bfa8dba5ea5cdd52d7a,,,0013h00001eaHWmAAM,2024-05-24 08:12:42.942,PRO,Active,2022-03-24,2024-11-24 08:00:21,,,,,,CandidateSearchEvent,2024-05-24 08:17:00.075,192.0,2024-05-24 08:17:00.075,192.0,2024-12-23,299.0,299.0,100.0,,2024-05-24 04:24:19,Upgrade,STANDARD,,None,,,,False,,,2024-12-02 07:30:04
341,772e1867-035b-42f1-9e4d-e076958b45e6,auth0|65091c9e145160810203464a,,,0013h00002GKK0YAAX,2023-09-19 03:59:26.714,PRO,Active,2023-09-19,2024-11-19 08:00:32,,,,,,,,,,,2024-12-18,379.0,379.0,100.0,,2023-09-19 08:14:26,Upgrade,STANDARD,,None,,,,False,,,2024-12-02 07:30:04
342,43b52e6a-5971-473f-825d-88404461c75f,auth0|63ed52c45780403533ac003a,,,0013h00002AltkwAAB,2023-02-15 21:46:44.949,PRO,Active,2023-02-15,2024-11-15 08:00:20,,,,,,CandidateSearchEvent,2023-07-20 05:10:00.129,501.0,2023-07-20 05:10:00.129,501.0,2024-12-14,299.0,299.0,100.0,,2023-07-20 04:59:57,Upgrade,STANDARD,,None,,,,False,,,2024-12-02 07:30:04
343,d6ed8c60-4542-4351-80c2-8decb7dd6b27,auth0|63f55f6c4028c06a3ca95814,,,0013h00002AnqsJAAR,2023-02-22 00:18:52.690,PRO,Active,2023-02-21,2024-11-21 08:00:14,,,,,,,,,,,2024-12-20,299.0,299.0,100.0,,2023-07-25 07:42:56,Upgrade,STANDARD,,None,,,,False,,,2024-12-02 07:30:04
344,55479022-59cf-4565-8e05-87233b5cca95,auth0|654ad990afedfed41141c035,,,0013h00002HSFJOAA5,2023-11-08 00:42:56.644,PRO,Active,2023-11-07,2024-11-07 08:00:24,,,,,,,,,,,2024-12-06,299.0,299.0,100.0,,2023-11-08 00:25:50,Upgrade,STANDARD,,None,,,,False,,,2024-12-02 07:30:04
345,55479022-59cf-4565-8e05-87233b5cca95,auth0|654ad2b5c03d294e9e56255c,,,0013h00002HSFJOAA5,2023-11-08 00:13:41.558,PRO,Active,2023-11-07,2024-11-07 08:00:24,,,,,,CandidateSearchEvent,2023-11-08 00:47:00.130,390.0,2023-11-08 01:47:00.016,390.0,2024-12-06,299.0,299.0,100.0,,2023-11-08 00:25:50,Upgrade,STANDARD,,None,,,,False,,,2024-12-02 07:30:04
346,c38a49e4-bef8-452b-bffc-1c6bb56b63ee,auth0|669eec119aaee99458786803,,,001VY000009p0FOYAY,2024-07-22 23:32:34.021,STANDARD,Active,2024-07-22,2024-11-24 08:00:18,2024-07-24 05:23:11.983,131.0,,2024-07-24 05:53:56.060,131.0,,,,,,,,,,,2024-07-24 05:23:07,Upgrade,FREE,,None,,,2024-07-23 00:06:03.093,False,2024-07-23 23:44:43.566,2024-08-22 00:06:03.093,2024-12-02 07:30:04
347,e38bf130-d3eb-4b60-b2c7-68397c09f691,auth0|6409afea5b1d64688578e11d,,,0013h00002BW1IpAAL,2023-03-09 10:07:38.018,PRO,Active,2023-03-09,2024-11-09 08:00:21,,,,,,CandidateSearchEvent,2023-09-19 10:13:00.115,440.0,2023-09-19 10:13:00.115,440.0,2024-12-08,179.0,179.0,100.0,,2023-09-19 09:56:10,Upgrade,STANDARD,,None,,,,False,,,2024-12-02 07:30:04
348,261a66a8-cf3a-492a-956d-a4e23e0b92de,auth0|6541a358a5b46c922b914cd4,,,0013h00002BW1DoAAL,2023-11-01 01:01:12.874,PRO,Active,2023-03-09,2024-11-09 08:00:18,,,,,,CandidateSearchEvent,2023-11-01 02:41:00.005,397.0,2023-11-01 02:41:00.005,397.0,2024-12-08,99.0,99.0,100.0,,2023-10-31 22:12:26,Upgrade,STANDARD,,None,,,,False,,,2024-12-02 07:30:04
349,261a66a8-cf3a-492a-956d-a4e23e0b92de,auth0|64098b9bca2ce09d0b83cc4b,,,0013h00002BW1DoAAL,2023-03-09 07:32:43.320,PRO,Active,2023-03-09,2024-11-09 08:00:18,,,,,,CandidateSearchEvent,2023-10-31 22:19:00.107,398.0,2023-10-31 22:19:00.107,398.0,2024-12-08,99.0,99.0,100.0,,2023-10-31 22:12:26,Upgrade,STANDARD,,None,,,,False,,,2024-12-02 07:30:04
350,d4599268-533b-4f0d-836e-b70cfb11376c,auth0|66bd6ad516bff522e8a1c4c6,,,001VY00000ApDlSYAV,2024-08-15 02:41:25.612,STANDARD,Active,2024-08-14,2024-11-30 08:00:40,2024-09-30 09:07:01.142,63.0,,2024-09-30 09:07:01.142,63.0,,,,,,,,,,,2024-09-30 09:05:23,Upgrade,FREE,,None,,,2024-08-15 23:24:55.076,True,,2024-10-30 09:07:01.142,2024-12-02 07:30:04
351,59d0e9a1-25ef-4717-89f4-b6861118f728,auth0|6424c9639601a3816db06b41,,,0013h00002CBYtZAAX,2023-03-29 23:27:31.601,PRO,Active,2023-03-29,2024-11-29 08:00:20,2024-07-30 09:59:56.299,125.0,,2024-07-30 09:59:56.299,125.0,CandidateSearchEvent,2023-06-29 08:48:00.103,522.0,2023-06-29 08:53:00.019,522.0,2024-12-28,379.0,379.0,100.0,,2023-06-28 12:46:18,Upgrade,STANDARD,,None,,,,False,,,2024-12-02 07:30:04
352,59d0e9a1-25ef-4717-89f4-b6861118f728,auth0|649d4a34b6c0b7d72005733d,,,0013h00002CBYtZAAX,2023-06-29 09:09:08.947,PRO,Active,2023-03-29,2024-11-29 08:00:20,,,,,,CandidateSearchEvent,2023-06-29 15:23:00.070,522.0,2023-06-29 15:23:00.070,522.0,2024-12-28,379.0,379.0,100.0,,2023-06-28 12:46:18,Upgrade,STANDARD,,None,,,,False,,,2024-12-02 07:30:04
353,0a9bd8f8-5d99-464a-99ca-bca092044cc4,auth0|64254494059576077a4dec39,,,0013h00002CBZCnAAP,2023-03-30 08:13:08.188,PRO,Active,2023-03-30,2024-11-30 08:00:21,,,,,,CandidateSearchEvent,2023-11-01 03:13:00.121,397.0,2023-11-01 03:13:00.121,397.0,2024-12-29,299.0,299.0,100.0,,2023-11-01 03:02:17,Upgrade,STANDARD,,None,,,,False,,,2024-12-02 07:30:04
354,0a9bd8f8-5d99-464a-99ca-bca092044cc4,auth0|6541ddb8c29e4f5d08e979ed,,,0013h00002CBZCnAAP,2023-11-01 05:10:16.248,PRO,Active,2023-03-30,2024-11-30 08:00:21,,,,,,,,,,,2024-12-29,299.0,299.0,100.0,,2023-11-01 03:02:17,Upgrade,STANDARD,,None,,,,False,,,2024-12-02 07:30:04
355,0a1c1dfa-0a3e-4a53-a8d2-0c2c758737d8,auth0|6581205fdc59345ead3fc288,,,0013h00002HTRiPAAX,2023-12-19 04:47:27.421,PRO,Active,2023-12-18,2024-11-19 08:00:21,,,,,,,,,,,2024-12-18,299.0,299.0,100.0,,2023-12-19 05:08:59,Upgrade,STANDARD,,None,,,,False,,,2024-12-02 07:30:04
356,64fff343-dfbb-4eb6-8274-77218f0a631d,auth0|60c86a711db0e90068c2a573,,,0013h000011NYoqAAG,2021-06-15 08:53:05.776,STANDARD,Active,2021-11-30,2024-11-30 08:00:27,,,,,,,,,,,,,,,,,Downgrade,STANDARD,,None,,,,False,,,2024-12-02 07:30:04
357,b91b4655-90ae-43cd-b57c-6190028c7db5,auth0|672487936f467e36be7a45f8,,,001VY00000E87tXYAR,2024-11-01 07:47:31.750,FREE,Active,2024-11-01,2024-12-01 08:00:30,,,,,,CandidateSearchEvent,2024-11-01 07:54:00.174,31.0,2024-11-01 07:54:00.174,31.0,,,,,2024-11-02 00:35:50,,Downgrade,PRO,,None,2025-01-01 05:00:00,30.0,,False,,,2024-12-02 07:30:04
358,98b51b43-a28b-49fc-a4f7-94b4f6fbb6d5,auth0|60c91a6324d158006a74d6c0,,,0013h00002CDYHEAA5,2021-06-15 21:23:47.231,STANDARD,Active,2024-02-22,2024-11-15 08:00:29,,,,,,,,,,,,,,,,,Downgrade,STANDARD,,None,,,,False,,,2024-12-02 07:30:04
359,f502d901-f5b5-4f72-bb21-474264662138,auth0|5f4094d82bddfc00398cbb15,,,0013h00002EhXesAAF,2020-08-22 03:45:28.423,STANDARD,Active,2023-06-26,2024-11-26 08:00:23,,,,,,,,,,,,,,,2023-07-06 05:56:03,,Downgrade,PRO,,None,,,,False,,,2024-12-02 07:30:04
360,f502d901-f5b5-4f72-bb21-474264662138,auth0|649d9320b6c0b7d72005b327,,,0013h00002EhXesAAF,2023-06-29 14:20:16.226,STANDARD,Active,2023-06-26,2024-11-26 08:00:23,,,,,,,,,,,,,,,2023-07-06 05:56:03,,Downgrade,PRO,,None,,,,False,,,2024-12-02 07:30:04
361,f502d901-f5b5-4f72-bb21-474264662138,auth0|649944ec826e8e56b5a1ee15,,,0013h00002EhXesAAF,2023-06-26 07:57:32.121,STANDARD,Active,2023-06-26,2024-11-26 08:00:23,,,,,,CandidateSearchEvent,2023-06-27 01:06:01.644,524.0,2023-06-27 01:06:02.823,524.0,,,,,2023-07-06 05:56:03,,Downgrade,PRO,,None,,,,False,,,2024-12-02 07:30:04
362,f502d901-f5b5-4f72-bb21-474264662138,auth0|5f3ba9281e5f17003704be2a,,,0013h00002EhXesAAF,2020-08-18 10:10:48.641,STANDARD,Active,2023-06-26,2024-11-26 08:00:23,2024-11-22 13:11:28.680,10.0,,2024-11-22 13:11:28.680,10.0,,,,,,,,,,2023-07-06 05:56:03,,Downgrade,PRO,,None,,,,False,,,2024-12-02 07:30:04
363,5e9922ab-c66f-4133-9655-a61648743a47,auth0|64b9fc602ae20c51edd1a7d1,,,0013h00002FIFBdAAP,2023-07-21 03:32:48.464,STANDARD,Active,2023-07-20,2024-11-20 08:00:25,,,,,,CandidateSearchEvent,2023-07-21 03:48:00.119,500.0,2023-12-04 03:23:00.304,364.0,,,,,2023-12-04 03:19:59,,Downgrade,PRO,,None,,,,False,,,2024-12-02 07:30:04
364,d0186bf7-bb7e-4cce-bf0d-9871ec863777,auth0|64bf87ef885245e88a192578,,,0013h00002FIlWsAAL,2023-07-25 08:29:35.172,PRO,Active,2023-07-25,2024-07-24 07:11:20,,,,,,,,,,,2025-07-23,4306.0,4306.0,100.0,,2024-07-24 07:11:19,Downgrade,PRO,,None,2025-07-24 04:00:00,234.0,,False,,,2024-12-02 07:30:04
365,ff574521-56e8-4eff-abac-c2ac31270176,auth0|622696fcd97435007009c64c,,,0013h00001eYRQxAAO,2022-03-07 23:36:28.618,STANDARD,Active,2022-03-07,2024-11-07 08:00:17,,,,,,CandidateSearchEvent,2023-11-02 01:06:00.088,396.0,2023-11-02 01:06:00.088,396.0,,,,,2023-11-02 04:03:44,2023-11-01 22:36:02,Downgrade,PRO,,None,,,,False,,,2024-12-02 07:30:04
366,ff574521-56e8-4eff-abac-c2ac31270176,auth0|6542f67e3ce2279614ad5ed3,,,0013h00001eYRQxAAO,2023-11-02 01:08:14.476,STANDARD,Active,2022-03-07,2024-11-07 08:00:17,,,,,,,,,,,,,,,2023-11-02 04:03:44,2023-11-01 22:36:02,Downgrade,PRO,,None,,,,False,,,2024-12-02 07:30:04
367,786ec027-0154-4b5a-a814-338d26408429,auth0|6436e4fd8d72e2289b134dbb,,,0013h00002CDYHEAA5,2023-04-12 17:06:05.339,STANDARD,Active,2023-08-18,2024-11-18 08:00:25,,,,,,,,,,,,,,,2023-08-18 17:16:40,,Downgrade,PRO,,None,,,,False,,,2024-12-02 07:30:04
368,bc20786c-f20b-4cd9-beb7-20eee05afbad,auth0|61f7ac941f3cce006859e162,,,0013h00001YP23fAAD,2022-01-31 09:32:04.026,STANDARD,Active,2024-05-23,2024-11-23 08:00:36,,,,,,,,,,,,,,,2024-05-23 09:37:10,2024-05-23 08:57:48,Downgrade,PRO,,None,,,,False,,,2024-12-02 07:30:04
369,f8a33dc0-c2a4-4c1f-bb2e-05ef0f57cdd1,auth0|6667805d734a1cfca23707a7,,,001KY000004C3ehYAC,2024-06-10 22:38:21.437,STANDARD,Active,2024-06-10,2024-11-10 08:00:28,2024-06-10 22:49:40.081,175.0,,2024-07-10 00:37:25.521,145.0,,,,,,,,,,2024-07-10 00:06:05,,Downgrade,PRO,,None,,,,False,,,2024-12-02 07:30:04
370,a435608f-40b8-4244-af15-df42ed00a215,auth0|60c866aee418110071c73a68,,,0013h000011NYooAAG,2021-06-15 08:37:02.664,STANDARD,Active,2023-01-18,2024-11-18 08:00:31,,,,,,,,,,,,,,,,,Downgrade,STANDARD,,None,,,,False,,,2024-12-02 07:30:04
371,7c332462-389b-473d-ac85-59f2ea0f00b8,auth0|651b70212f9c2544950c3174,,,0013h00002GKsaZAAT,2023-10-03 01:36:33.914,STANDARD,Active,2023-10-02,2024-11-02 07:00:18,,,,,,,,,,,,,,,2023-10-04 05:14:16,,Downgrade,PRO,,None,,,,False,,,2024-12-02 07:30:04
372,d5c41079-0981-46e8-ba08-810d5b9c3917,auth0|651fe860cab7d38392f81bd3,,,0013h00002GLGjMAAX,2023-10-06 10:58:40.077,PRO,Active,2023-10-11,2024-07-24 08:47:12,,,,,,,,,,,2025-07-23,3588.0,3588.0,100.0,,2024-07-24 08:47:12,Downgrade,PRO,,None,2025-07-24 04:00:00,234.0,,False,,,2024-12-02 07:30:04
373,453ce976-b153-4692-a307-8c55b5b640c5,auth0|651fe860cab7d38392f81bd3,,,0013h00002GLGjMAAX,2023-10-06 10:58:40.077,PRO,Active,2023-10-11,2024-07-24 08:47:12,,,,,,,,,,,2025-07-23,3588.0,3588.0,100.0,,2024-07-24 08:47:12,Downgrade,PRO,,None,,,,False,,,2024-12-02 07:30:04
374,b21bb14d-35fb-4b20-b936-84352c72a1a9,auth0|654af11afba736caeb354cb5,,,0013h00002HSFJgAAP,2023-11-08 02:23:22.673,STANDARD,Active,2023-11-07,2024-11-07 08:00:17,,,,,,CandidateSearchEvent,2023-11-08 02:44:00.144,390.0,2023-11-08 03:01:00.019,390.0,,,,,2023-11-08 03:20:33,,Downgrade,PRO,,None,,,,False,,,2024-12-02 07:30:04
375,ceed3031-1175-4557-87a9-de6a35410483,auth0|66a096fe3622a244f449472f,,,001VY000009sLYbYAM,2024-07-24 05:54:06.935,PRO,Active,2024-07-24,2024-09-27 10:07:36,,,,,,,,,,,2025-07-23,3588.0,3588.0,100.0,,2024-09-27 10:07:35,Downgrade,PRO,,None,2025-07-24 04:00:00,234.0,,False,,,2024-12-02 07:30:04
376,5c8e86e9-8986-4dec-8c76-0fafc0f76f3c,auth0|66a6f4c6cbf94cef0c561a81,,,001VY00000A4yRHYAZ,2024-07-29 01:47:50.135,FREE,Active,2024-07-28,2024-11-29 08:00:29,2024-07-29 04:17:17.240,126.0,,2024-07-29 04:17:17.240,126.0,,,,,,,,,,2024-08-07 02:49:29,2024-07-29 04:09:57,Downgrade,STANDARD,,None,,,2024-07-29 01:55:50.999,False,2024-09-02 08:47:08.681,2024-09-28 23:56:36.012,2024-12-02 07:30:04
377,e2f727db-bf1c-485e-a0f9-3fd0c382664a,auth0|658117f8848b2eef34348b00,,,0013h00002HTRiQAAX,2023-12-19 04:11:36.863,STANDARD,Active,2023-12-18,2024-11-19 08:00:32,,,,,,CandidateSearchEvent,2023-12-19 05:27:00.139,349.0,2023-12-19 05:27:00.139,349.0,,,,,2024-02-01 23:07:24,2023-12-19 05:06:33,Downgrade,PRO,,None,,,,False,,,2024-12-02 07:30:04
